stream,event,state_row,global_row,image_id,stage,old_label,new_label,expected_label_version,new_label_version
A,R1,5,44,apple_pie/1674492,history,79,0,0,1
A,R1,6,54,apple_pie/1889575,history,46,0,0,1
A,R1,13,118,apple_pie/2663191,history,54,0,0,1
A,R1,14,119,apple_pie/2669146,history,12,0,0,1
A,R1,30,224,apple_pie/668694,history,81,0,0,1
A,R1,32,241,apple_pie/886793,history,1,0,0,1
A,R1,37,281,baby_back_ribs/143583,history,70,1,0,1
A,R1,47,331,baby_back_ribs/211120,history,38,1,0,1
A,R1,53,373,baby_back_ribs/2604946,history,91,1,0,1
A,R1,60,433,baby_back_ribs/3660437,history,88,1,0,1
A,R1,61,446,baby_back_ribs/3863637,history,42,1,0,1
A,R1,62,461,baby_back_ribs/586642,history,64,1,0,1
A,R1,73,537,baklava/1488283,history,11,2,0,1
A,R1,77,573,baklava/2028827,history,7,2,0,1
A,R1,78,589,baklava/2284673,history,79,2,0,1
A,R1,79,592,baklava/2321560,history,54,2,0,1
A,R1,87,634,baklava/2924742,history,36,2,0,1
A,R1,90,674,baklava/3455436,history,89,2,0,1
A,R1,108,803,beef_carpaccio/1672341,history,31,3,0,1
A,R1,109,810,beef_carpaccio/1742911,history,89,3,0,1
A,R1,114,842,beef_carpaccio/2107422,history,14,3,0,1
A,R1,123,889,beef_carpaccio/2874813,history,92,3,0,1
A,R1,127,908,beef_carpaccio/3110371,history,21,3,0,1
A,R1,134,995,beef_carpaccio/921303,history,36,3,0,1
A,R1,138,1020,beef_tartare/1333012,history,62,4,0,1
A,R1,143,1055,beef_tartare/181859,history,86,4,0,1
A,R1,144,1061,beef_tartare/1914856,history,71,4,0,1
A,R1,158,1141,beef_tartare/3087176,history,35,4,0,1
A,R1,160,1181,beef_tartare/3609465,history,26,4,0,1
A,R1,161,1182,beef_tartare/3610248,history,62,4,0,1
A,R1,180,1342,beet_salad/232255,history,75,5,0,1
A,R1,183,1376,beet_salad/2812281,history,69,5,0,1
A,R1,190,1435,beet_salad/3619062,history,55,5,0,1
A,R1,194,1451,beet_salad/3905577,history,99,5,0,1
A,R1,198,1481,beet_salad/75494,history,47,5,0,1
A,R1,202,1496,beet_salad/925960,history,16,5,0,1
A,R1,209,1547,beignets/1518757,history,52,6,0,1
A,R1,214,1589,beignets/2121303,history,34,6,0,1
A,R1,217,1598,beignets/2249116,history,62,6,0,1
A,R1,229,1665,beignets/3291410,history,15,6,0,1
A,R1,230,1667,beignets/3318942,history,81,6,0,1
A,R1,232,1676,beignets/3403775,history,58,6,0,1
A,R1,242,1805,bibimbap/1725332,history,28,7,0,1
A,R1,249,1843,bibimbap/2304525,history,23,7,0,1
A,R1,254,1881,bibimbap/2808170,history,94,7,0,1
A,R1,259,1913,bibimbap/3258543,history,46,7,0,1
A,R1,267,1966,bibimbap/518646,history,16,7,0,1
A,R1,271,1995,bibimbap/962321,history,41,7,0,1
A,R1,284,2062,bread_pudding/1778936,history,47,8,0,1
A,R1,290,2102,bread_pudding/2452000,history,32,8,0,1
A,R1,291,2117,bread_pudding/2683164,history,21,8,0,1
A,R1,292,2146,bread_pudding/3123348,history,98,8,0,1
A,R1,293,2147,bread_pudding/3134416,history,31,8,0,1
A,R1,299,2188,bread_pudding/3606697,history,56,8,0,1
A,R1,306,2252,breakfast_burrito/1017114,history,4,9,0,1
A,R1,320,2330,breakfast_burrito/2182309,history,53,9,0,1
A,R1,330,2387,breakfast_burrito/3028374,history,54,9,0,1
A,R1,335,2422,breakfast_burrito/3635179,history,0,9,0,1
A,R1,337,2448,breakfast_burrito/508606,history,27,9,0,1
A,R1,338,2464,breakfast_burrito/616486,history,37,9,0,1
A,R1,340,2500,bruschetta/1013211,history,12,10,0,1
A,R1,347,2563,bruschetta/2183783,history,14,10,0,1
A,R1,352,2601,bruschetta/2537224,history,46,10,0,1
A,R1,353,2604,bruschetta/2606112,history,52,10,0,1
A,R1,370,2719,bruschetta/62108,history,62,10,0,1
A,R1,372,2732,bruschetta/796112,history,80,10,0,1
A,R1,377,2787,caesar_salad/1622045,history,95,11,0,1
A,R1,384,2831,caesar_salad/2129206,history,61,11,0,1
A,R1,388,2855,caesar_salad/2431872,history,62,11,0,1
A,R1,389,2857,caesar_salad/2476637,history,23,11,0,1
A,R1,396,2902,caesar_salad/3176445,history,15,11,0,1
A,R1,397,2904,caesar_salad/3191114,history,55,11,0,1
A,R1,410,3007,cannoli/1141074,history,83,12,0,1
A,R1,411,3011,cannoli/1169899,history,42,12,0,1
A,R1,416,3046,cannoli/1656092,history,53,12,0,1
A,R1,428,3127,cannoli/271470,history,9,12,0,1
A,R1,433,3143,cannoli/3003241,history,48,12,0,1
A,R1,434,3156,cannoli/3249264,history,47,12,0,1
A,R1,451,3327,caprese_salad/2001892,history,18,13,0,1
A,R1,456,3357,caprese_salad/233624,history,31,13,0,1
A,R1,458,3369,caprese_salad/2500401,history,27,13,0,1
A,R1,467,3426,caprese_salad/3450574,history,62,13,0,1
A,R1,470,3438,caprese_salad/3716522,history,74,13,0,1
A,R1,472,3474,caprese_salad/685845,history,3,13,0,1
A,R1,477,3508,carrot_cake/1071668,history,13,14,0,1
A,R1,485,3562,carrot_cake/1963525,history,79,14,0,1
A,R1,489,3570,carrot_cake/2025895,history,28,14,0,1
A,R1,494,3596,carrot_cake/2383319,history,47,14,0,1
A,R1,495,3605,carrot_cake/2504346,history,97,14,0,1
A,R1,500,3641,carrot_cake/313320,history,93,14,0,1
A,R1,511,3773,ceviche/1372088,history,25,15,0,1
A,R1,524,3875,ceviche/3070282,history,30,15,0,1
A,R1,526,3881,ceviche/3218771,history,4,15,0,1
A,R1,527,3887,ceviche/3265344,history,70,15,0,1
A,R1,530,3903,ceviche/34192,history,55,15,0,1
A,R1,542,3994,ceviche/93417,history,89,15,0,1
A,R1,556,4093,cheese_plate/2490612,history,40,16,0,1
A,R1,558,4104,cheese_plate/259345,history,29,16,0,1
A,R1,559,4127,cheese_plate/28610,history,88,16,0,1
A,R1,568,4195,cheese_plate/3841334,history,32,16,0,1
A,R1,570,4204,cheese_plate/453415,history,93,16,0,1
A,R1,576,4247,cheese_plate/990737,history,54,16,0,1
A,R1,594,4366,cheesecake/2555966,history,81,17,0,1
A,R1,595,4368,cheesecake/2585042,history,47,17,0,1
A,R1,599,4396,cheesecake/3041449,history,33,17,0,1
A,R1,600,4419,cheesecake/3307094,history,8,17,0,1
A,R1,605,4448,cheesecake/375889,history,20,17,0,1
A,R1,610,4461,cheesecake/3885479,history,22,17,0,1
A,R1,612,4503,chicken_curry/1048226,history,56,18,0,1
A,R1,613,4505,chicken_curry/1076489,history,73,18,0,1
A,R1,618,4540,chicken_curry/1488408,history,50,18,0,1
A,R1,625,4601,chicken_curry/2364617,history,52,18,0,1
A,R1,640,4706,chicken_curry/392185,history,100,18,0,1
A,R1,642,4709,chicken_curry/420735,history,77,18,0,1
A,R1,652,4803,chicken_quesadilla/1786665,history,70,19,0,1
A,R1,660,4853,chicken_quesadilla/2425028,history,6,19,0,1
A,R1,662,4865,chicken_quesadilla/2667644,history,98,19,0,1
A,R1,669,4914,chicken_quesadilla/3160142,history,85,19,0,1
A,R1,674,4942,chicken_quesadilla/3535053,history,12,19,0,1
A,R1,677,4975,chicken_quesadilla/629804,history,27,19,0,1
A,R1,681,5010,chicken_wings/1131499,history,12,20,0,1
A,R1,685,5072,chicken_wings/2005744,history,52,20,0,1
A,R1,695,5138,chicken_wings/3067720,history,82,20,0,1
A,R1,701,5178,chicken_wings/3756335,history,68,20,0,1
A,R1,711,5236,chicken_wings/908140,history,46,20,0,1
A,R1,712,5237,chicken_wings/916356,history,60,20,0,1
A,R1,722,5311,chocolate_cake/2144647,history,22,21,0,1
A,R1,723,5322,chocolate_cake/2320344,history,40,21,0,1
A,R1,728,5374,chocolate_cake/2968148,history,18,21,0,1
A,R1,732,5406,chocolate_cake/3269931,history,67,21,0,1
A,R1,737,5429,chocolate_cake/3515160,history,95,21,0,1
A,R1,738,5431,chocolate_cake/3524508,history,100,21,0,1
A,R1,756,5571,chocolate_mousse/2015024,history,46,22,0,1
A,R1,757,5573,chocolate_mousse/2039087,history,34,22,0,1
A,R1,764,5642,chocolate_mousse/3063304,history,17,22,0,1
A,R1,772,5699,chocolate_mousse/3903549,history,48,22,0,1
A,R1,775,5716,chocolate_mousse/581132,history,12,22,0,1
A,R1,781,5739,chocolate_mousse/828774,history,35,22,0,1
A,R1,787,5773,churros/1286743,history,69,23,0,1
A,R1,789,5790,churros/1683772,history,87,23,0,1
A,R1,792,5803,churros/1855779,history,89,23,0,1
A,R1,807,5932,churros/3593479,history,19,23,0,1
A,R1,810,5964,churros/541601,history,21,23,0,1
A,R1,815,5993,churros/884571,history,21,23,0,1
A,R1,822,6038,clam_chowder/1521314,history,49,24,0,1
A,R1,825,6076,clam_chowder/2115469,history,75,24,0,1
A,R1,831,6150,clam_chowder/2992252,history,19,24,0,1
A,R1,832,6157,clam_chowder/306757,history,66,24,0,1
A,R1,846,6230,clam_chowder/705333,history,72,24,0,1
A,R1,849,6237,clam_chowder/777422,history,66,24,0,1
A,R1,857,6295,club_sandwich/1648367,history,58,25,0,1
A,R1,862,6344,club_sandwich/2297513,history,67,25,0,1
A,R1,867,6388,club_sandwich/3106065,history,80,25,0,1
A,R1,869,6411,club_sandwich/3443497,history,59,25,0,1
A,R1,872,6439,club_sandwich/381838,history,38,25,0,1
A,R1,876,6450,club_sandwich/415755,history,39,25,0,1
A,R1,886,6518,crab_cakes/122869,history,63,26,0,1
A,R1,890,6553,crab_cakes/1709886,history,76,26,0,1
A,R1,904,6640,crab_cakes/2942368,history,83,26,0,1
A,R1,906,6651,crab_cakes/314175,history,57,26,0,1
A,R1,910,6670,crab_cakes/3533860,history,44,26,0,1
A,R1,913,6704,crab_cakes/527432,history,63,26,0,1
A,R1,928,6819,creme_brulee/1958256,history,99,27,0,1
A,R1,930,6841,creme_brulee/2200558,history,80,27,0,1
A,R1,933,6855,creme_brulee/2449383,history,22,27,0,1
A,R1,940,6904,creme_brulee/3315681,history,80,27,0,1
A,R1,948,6966,creme_brulee/67067,history,79,27,0,1
A,R1,949,6976,creme_brulee/786921,history,41,27,0,1
A,R1,954,7025,croque_madame/1326337,history,7,28,0,1
A,R1,957,7046,croque_madame/1594573,history,40,28,0,1
A,R1,967,7124,croque_madame/2815132,history,29,28,0,1
A,R1,970,7155,croque_madame/3244848,history,37,28,0,1
A,R1,974,7171,croque_madame/352259,history,34,28,0,1
A,R1,984,7239,croque_madame/877679,history,69,28,0,1
A,R1,986,7253,cup_cakes/1016520,history,37,29,0,1
A,R1,997,7366,cup_cakes/2581088,history,49,29,0,1
A,R1,1015,7473,cup_cakes/70625,history,28,29,0,1
A,R1,1016,7478,cup_cakes/824299,history,59,29,0,1
A,R1,1018,7486,cup_cakes/904549,history,18,29,0,1
A,R1,1019,7488,cup_cakes/910822,history,57,29,0,1
A,R1,1027,7548,deviled_eggs/1590952,history,33,30,0,1
A,R1,1029,7576,deviled_eggs/1887825,history,85,30,0,1
A,R1,1037,7646,deviled_eggs/3011862,history,23,30,0,1
A,R1,1038,7670,deviled_eggs/3422081,history,66,30,0,1
A,R1,1043,7700,deviled_eggs/3919611,history,49,30,0,1
A,R1,1047,7725,deviled_eggs/694816,history,57,30,0,1
A,R1,1056,7761,donuts/1158855,history,80,31,0,1
A,R1,1058,7772,donuts/1286854,history,20,31,0,1
A,R1,1067,7857,donuts/254255,history,85,31,0,1
A,R1,1068,7870,donuts/2661490,history,99,31,0,1
A,R1,1078,7927,donuts/3507649,history,42,31,0,1
A,R1,1086,7994,donuts/911477,history,50,31,0,1
A,R1,1088,8005,dumplings/1063121,history,41,32,0,1
A,R1,1089,8010,dumplings/1151599,history,65,32,0,1
A,R1,1095,8046,dumplings/1664893,history,13,32,0,1
A,R1,1113,8211,dumplings/468792,history,39,32,0,1
A,R1,1115,8225,dumplings/710090,history,43,32,0,1
A,R1,1120,8240,dumplings/92182,history,74,32,0,1
A,R1,1123,8274,edamame/1378606,history,76,33,0,1
A,R1,1124,8299,edamame/1714523,history,29,33,0,1
A,R1,1126,8318,edamame/1941694,history,69,33,0,1
A,R1,1133,8397,edamame/3098721,history,61,33,0,1
A,R1,1145,8432,edamame/3569901,history,39,33,0,1
A,R1,1155,8494,edamame/921165,history,4,33,0,1
A,R1,1160,8530,eggs_benedict/1443382,history,52,34,0,1
A,R1,1161,8541,eggs_benedict/1610000,history,33,34,0,1
A,R1,1172,8608,eggs_benedict/2535000,history,40,34,0,1
A,R1,1177,8643,eggs_benedict/3088594,history,70,34,0,1
A,R1,1178,8653,eggs_benedict/3225684,history,66,34,0,1
A,R1,1186,8716,eggs_benedict/64136,history,62,34,0,1
A,R1,1190,8752,escargots/103862,history,29,35,0,1
A,R1,1192,8763,escargots/1182577,history,79,35,0,1
A,R1,1198,8807,escargots/1719858,history,10,35,0,1
A,R1,1201,8840,escargots/225653,history,13,35,0,1
A,R1,1206,8871,escargots/2697511,history,79,35,0,1
A,R1,1211,8909,escargots/329198,history,97,35,0,1
A,R1,1234,9102,falafel/2370245,history,24,36,0,1
A,R1,1238,9130,falafel/2777619,history,54,36,0,1
A,R1,1239,9132,falafel/279158,history,87,36,0,1
A,R1,1242,9142,falafel/299819,history,25,36,0,1
A,R1,1250,9225,falafel/648774,history,3,36,0,1
A,R1,1253,9229,falafel/689161,history,39,36,0,1
A,R1,1269,9298,filet_mignon/1715147,history,98,37,0,1
A,R1,1272,9338,filet_mignon/2325804,history,3,37,0,1
A,R1,1280,9402,filet_mignon/2978371,history,13,37,0,1
A,R1,1282,9420,filet_mignon/3297105,history,8,37,0,1
A,R1,1283,9442,filet_mignon/3661944,history,20,37,0,1
A,R1,1290,9494,filet_mignon/967956,history,84,37,0,1
A,R1,1293,9523,fish_and_chips/1318873,history,60,38,0,1
A,R1,1297,9545,fish_and_chips/1639611,history,49,38,0,1
A,R1,1303,9573,fish_and_chips/2007473,history,26,38,0,1
A,R1,1311,9650,fish_and_chips/311469,history,100,38,0,1
A,R1,1313,9665,fish_and_chips/3347538,history,15,38,0,1
A,R1,1320,9691,fish_and_chips/3757195,history,99,38,0,1
A,R1,1326,9754,foie_gras/1125178,history,0,39,0,1
A,R1,1333,9803,foie_gras/1723955,history,71,39,0,1
A,R1,1342,9851,foie_gras/2356197,history,7,39,0,1
A,R1,1350,9901,foie_gras/3055065,history,56,39,0,1
A,R1,1353,9934,foie_gras/3651062,history,18,39,0,1
A,R1,1356,9947,foie_gras/3843001,history,87,39,0,1
A,R1,1366,10059,french_fries/2039103,history,42,40,0,1
A,R1,1367,10062,french_fries/2041482,history,47,40,0,1
A,R1,1371,10110,french_fries/2672237,history,72,40,0,1
A,R1,1375,10136,french_fries/2952319,history,78,40,0,1
A,R1,1378,10157,french_fries/3184259,history,3,40,0,1
A,R1,1390,10234,french_fries/71701,history,15,40,0,1
A,R1,1394,10253,french_onion_soup/1100054,history,0,41,0,1
A,R1,1404,10363,french_onion_soup/2701135,history,87,41,0,1
A,R1,1406,10371,french_onion_soup/2776831,history,17,41,0,1
A,R1,1410,10389,french_onion_soup/294862,history,91,41,0,1
A,R1,1413,10412,french_onion_soup/3300887,history,0,41,0,1
A,R1,1421,10458,french_onion_soup/471748,history,59,41,0,1
A,R1,1435,10558,french_toast/1784419,history,39,42,0,1
A,R1,1436,10561,french_toast/1800467,history,100,42,0,1
A,R1,1437,10577,french_toast/2038611,history,37,42,0,1
A,R1,1439,10607,french_toast/2475679,history,37,42,0,1
A,R1,1448,10667,french_toast/3359122,history,5,42,0,1
A,R1,1454,10709,french_toast/547655,history,88,42,0,1
A,R1,1475,10860,fried_calamari/2539494,history,0,43,0,1
A,R1,1477,10862,fried_calamari/2554786,history,89,43,0,1
A,R1,1481,10903,fried_calamari/3043384,history,52,43,0,1
A,R1,1484,10919,fried_calamari/3545949,history,63,43,0,1
A,R1,1489,10937,fried_calamari/390990,history,48,43,0,1
A,R1,1492,10964,fried_calamari/645411,history,46,43,0,1
A,R1,1501,11029,fried_rice/1323164,history,47,44,0,1
A,R1,1503,11035,fried_rice/1410901,history,73,44,0,1
A,R1,1505,11071,fried_rice/1868701,history,86,44,0,1
A,R1,1512,11120,fried_rice/2601452,history,28,44,0,1
A,R1,1523,11200,fried_rice/3766596,history,20,44,0,1
A,R1,1527,11226,fried_rice/647756,history,30,44,0,1
A,R1,1530,11252,frozen_yogurt/1069043,history,21,45,0,1
A,R1,1536,11285,frozen_yogurt/150743,history,55,45,0,1
A,R1,1539,11302,frozen_yogurt/1625982,history,69,45,0,1
A,R1,1540,11306,frozen_yogurt/1653814,history,65,45,0,1
A,R1,1546,11351,frozen_yogurt/2237864,history,70,45,0,1
A,R1,1552,11411,frozen_yogurt/337889,history,40,45,0,1
A,R1,1565,11513,garlic_bread/1145941,history,56,46,0,1
A,R1,1567,11526,garlic_bread/133323,history,71,46,0,1
A,R1,1579,11602,garlic_bread/2397546,history,15,46,0,1
A,R1,1590,11699,garlic_bread/3708596,history,25,46,0,1
A,R1,1591,11701,garlic_bread/3752412,history,54,46,0,1
A,R1,1594,11710,garlic_bread/3805180,history,85,46,0,1
A,R1,1601,11774,gnocchi/1412417,history,94,47,0,1
A,R1,1605,11807,gnocchi/191947,history,41,47,0,1
A,R1,1609,11842,gnocchi/2517384,history,3,47,0,1
A,R1,1610,11845,gnocchi/2605818,history,84,47,0,1
A,R1,1618,11892,gnocchi/3332468,history,9,47,0,1
A,R1,1629,11985,gnocchi/875603,history,41,47,0,1
A,R1,1641,12080,greek_salad/2231796,history,53,48,0,1
A,R1,1643,12092,greek_salad/2420207,history,70,48,0,1
A,R1,1648,12149,greek_salad/3421583,history,66,48,0,1
A,R1,1651,12158,greek_salad/3495612,history,67,48,0,1
A,R1,1656,12208,greek_salad/488993,history,61,48,0,1
A,R1,1661,12224,greek_salad/72749,history,84,48,0,1
A,R1,1667,12278,grilled_cheese_sandwich/1349253,history,45,49,0,1
A,R1,1672,12324,grilled_cheese_sandwich/2019286,history,16,49,0,1
A,R1,1679,12343,grilled_cheese_sandwich/228838,history,16,49,0,1
A,R1,1683,12375,grilled_cheese_sandwich/2768916,history,95,49,0,1
A,R1,1689,12418,grilled_cheese_sandwich/366854,history,63,49,0,1
A,R1,1697,12477,grilled_cheese_sandwich/767715,history,0,49,0,1
A,R1,1703,12508,grilled_salmon/1101252,history,26,50,0,1
A,R1,1706,12523,grilled_salmon/1490566,history,74,50,0,1
A,R1,1707,12530,grilled_salmon/1569402,history,56,50,0,1
A,R1,1708,12531,grilled_salmon/1570406,history,70,50,0,1
A,R1,1731,12716,grilled_salmon/507928,history,30,50,0,1
A,R1,1733,12739,grilled_salmon/825959,history,38,50,0,1
A,R1,1738,12769,guacamole/1262914,history,23,51,0,1
A,R1,1741,12796,guacamole/1574927,history,44,51,0,1
A,R1,1743,12802,guacamole/1642771,history,78,51,0,1
A,R1,1761,12962,guacamole/53233,history,48,51,0,1
A,R1,1763,12969,guacamole/586708,history,23,51,0,1
A,R1,1767,12998,guacamole/964104,history,70,51,0,1
A,R1,1776,13056,gyoza/1891933,history,58,52,0,1
A,R1,1780,13079,gyoza/2249708,history,76,52,0,1
A,R1,1791,13171,gyoza/3466651,history,98,52,0,1
A,R1,1793,13178,gyoza/3503745,history,83,52,0,1
A,R1,1794,13181,gyoza/3528244,history,93,52,0,1
A,R1,1795,13183,gyoza/3569152,history,12,52,0,1
A,R1,1807,13303,hamburger/1922963,history,95,53,0,1
A,R1,1808,13305,hamburger/1960715,history,64,53,0,1
A,R1,1814,13348,hamburger/2623364,history,72,53,0,1
A,R1,1822,13382,hamburger/3062381,history,89,53,0,1
A,R1,1828,13434,hamburger/3771888,history,93,53,0,1
A,R1,1834,13481,hamburger/76858,history,88,53,0,1
A,R1,1837,13502,hot_and_sour_soup/1011278,history,14,54,0,1
A,R1,1844,13565,hot_and_sour_soup/1665790,history,89,54,0,1
A,R1,1855,13626,hot_and_sour_soup/2688464,history,35,54,0,1
A,R1,1861,13660,hot_and_sour_soup/3033019,history,60,54,0,1
A,R1,1863,13674,hot_and_sour_soup/3204149,history,89,54,0,1
A,R1,1864,13676,hot_and_sour_soup/3359445,history,82,54,0,1
A,R1,1870,13753,hot_dog/1057517,history,20,55,0,1
A,R1,1882,13850,hot_dog/225367,history,25,55,0,1
A,R1,1885,13883,hot_dog/289042,history,26,55,0,1
A,R1,1886,13885,hot_dog/2913086,history,64,55,0,1
A,R1,1887,13894,hot_dog/3050381,history,29,55,0,1
A,R1,1891,13912,hot_dog/335113,history,60,55,0,1
A,R1,1904,14011,huevos_rancheros/1103403,history,28,56,0,1
A,R1,1913,14085,huevos_rancheros/2335548,history,61,56,0,1
A,R1,1919,14133,huevos_rancheros/304175,history,20,56,0,1
A,R1,1922,14137,huevos_rancheros/3096803,history,25,56,0,1
A,R1,1934,14211,huevos_rancheros/608770,history,96,56,0,1
A,R1,1936,14218,huevos_rancheros/649853,history,77,56,0,1
A,R1,1938,14256,hummus/1104014,history,21,57,0,1
A,R1,1944,14295,hummus/176221,history,82,57,0,1
A,R1,1948,14312,hummus/2042428,history,75,57,0,1
A,R1,1951,14321,hummus/2108704,history,70,57,0,1
A,R1,1963,14443,hummus/461160,history,37,57,0,1
A,R1,1965,14458,hummus/596821,history,82,57,0,1
A,R1,1974,14517,ice_cream/1442308,history,78,58,0,1
A,R1,1978,14559,ice_cream/2060782,history,57,58,0,1
A,R1,1990,14634,ice_cream/3135306,history,4,58,0,1
A,R1,1999,14703,ice_cream/559960,history,8,58,0,1
A,R1,2003,14734,ice_cream/739531,history,67,58,0,1
A,R1,2004,14739,ice_cream/786773,history,0,58,0,1
A,R1,2018,14854,lasagna/2704381,history,2,59,0,1
A,R1,2020,14862,lasagna/2875871,history,42,59,0,1
A,R1,2028,14904,lasagna/3314569,history,69,59,0,1
A,R1,2031,14946,lasagna/3679026,history,50,59,0,1
A,R1,2033,14950,lasagna/3762742,history,47,59,0,1
A,R1,2038,14977,lasagna/693777,history,18,59,0,1
A,R1,2043,15038,lobster_bisque/1546866,history,57,60,0,1
A,R1,2050,15089,lobster_bisque/2354279,history,16,60,0,1
A,R1,2058,15127,lobster_bisque/2800504,history,10,60,0,1
A,R1,2059,15138,lobster_bisque/2954812,history,33,60,0,1
A,R1,2070,15199,lobster_bisque/3872119,history,7,60,0,1
A,R1,2071,15214,lobster_bisque/532633,history,37,60,0,1
A,R1,2074,15250,lobster_roll_sandwich/1002698,history,36,61,0,1
A,R1,2076,15273,lobster_roll_sandwich/1306233,history,28,61,0,1
A,R1,2087,15336,lobster_roll_sandwich/2140373,history,59,61,0,1
A,R1,2090,15372,lobster_roll_sandwich/2536114,history,94,61,0,1
A,R1,2093,15392,lobster_roll_sandwich/2852179,history,12,61,0,1
A,R1,2101,15436,lobster_roll_sandwich/616352,history,5,61,0,1
A,R1,2108,15506,macaroni_and_cheese/1134196,history,73,62,0,1
A,R1,2116,15569,macaroni_and_cheese/207331,history,49,62,0,1
A,R1,2124,15632,macaroni_and_cheese/289764,history,59,62,0,1
A,R1,2131,15685,macaroni_and_cheese/3661552,history,8,62,0,1
A,R1,2139,15714,macaroni_and_cheese/612758,history,66,62,0,1
A,R1,2141,15726,macaroni_and_cheese/684675,history,16,62,0,1
A,R1,2142,15753,macarons/1029622,history,72,63,0,1
A,R1,2143,15780,macarons/1424963,history,32,63,0,1
A,R1,2147,15788,macarons/1509237,history,41,63,0,1
A,R1,2158,15878,macarons/2578739,history,7,63,0,1
A,R1,2160,15911,macarons/3261547,history,67,63,0,1
A,R1,2175,15998,macarons/980106,history,80,63,0,1
A,R1,2176,16002,miso_soup/1033834,history,38,64,0,1
A,R1,2177,16004,miso_soup/1074122,history,35,64,0,1
A,R1,2187,16096,miso_soup/2456800,history,100,64,0,1
A,R1,2194,16137,miso_soup/2970240,history,60,64,0,1
A,R1,2197,16160,miso_soup/3251976,history,75,64,0,1
A,R1,2209,16245,miso_soup/971534,history,84,64,0,1
A,R1,2210,16256,mussels/1115710,history,18,65,0,1
A,R1,2224,16350,mussels/273189,history,26,65,0,1
A,R1,2226,16355,mussels/278360,history,61,65,0,1
A,R1,2227,16365,mussels/2897441,history,37,65,0,1
A,R1,2232,16433,mussels/3659589,history,50,65,0,1
A,R1,2234,16442,mussels/3761556,history,15,65,0,1
A,R1,2245,16507,nachos/1080976,history,79,66,0,1
A,R1,2247,16511,nachos/1117309,history,36,66,0,1
A,R1,2259,16606,nachos/261610,history,42,66,0,1
A,R1,2260,16620,nachos/2806613,history,70,66,0,1
A,R1,2274,16726,nachos/640318,history,47,66,0,1
A,R1,2275,16738,nachos/860393,history,31,66,0,1
A,R1,2280,16783,omelette/1600856,history,63,67,0,1
A,R1,2283,16800,omelette/1940523,history,95,67,0,1
A,R1,2287,16818,omelette/2209737,history,83,67,0,1
A,R1,2294,16871,omelette/2982363,history,87,67,0,1
A,R1,2304,16958,omelette/551141,history,83,67,0,1
A,R1,2309,16972,omelette/677373,history,47,67,0,1
A,R1,2321,17053,onion_rings/1868727,history,38,68,0,1
A,R1,2329,17118,onion_rings/2594313,history,47,68,0,1
A,R1,2330,17151,onion_rings/3029853,history,73,68,0,1
A,R1,2331,17153,onion_rings/3039744,history,63,68,0,1
A,R1,2341,17234,onion_rings/734372,history,99,68,0,1
A,R1,2343,17241,onion_rings/798234,history,3,68,0,1
A,R1,2357,17353,oysters/2885620,history,29,69,0,1
A,R1,2363,17380,oysters/3164740,history,59,69,0,1
A,R1,2368,17400,oysters/336305,history,91,69,0,1
A,R1,2369,17401,oysters/3385898,history,8,69,0,1
A,R1,2375,17452,oysters/415208,history,83,69,0,1
A,R1,2376,17459,oysters/525595,history,6,69,0,1
A,R1,2380,17500,pad_thai/1081901,history,18,70,0,1
A,R1,2398,17647,pad_thai/3045258,history,17,70,0,1
A,R1,2407,17720,pad_thai/551989,history,59,70,0,1
A,R1,2408,17724,pad_thai/58350,history,31,70,0,1
A,R1,2411,17743,pad_thai/885827,history,83,70,0,1
A,R1,2413,17748,pad_thai/952145,history,54,70,0,1
A,R1,2420,17804,paella/1584968,history,2,71,0,1
A,R1,2430,17883,paella/2782908,history,81,71,0,1
A,R1,2431,17892,paella/2899409,history,41,71,0,1
A,R1,2434,17903,paella/3093412,history,35,71,0,1
A,R1,2444,17958,paella/3844081,history,33,71,0,1
A,R1,2447,17984,paella/771842,history,34,71,0,1
A,R1,2450,18007,pancakes/1107890,history,94,72,0,1
A,R1,2459,18085,pancakes/2220922,history,44,72,0,1
A,R1,2468,18113,pancakes/262613,history,36,72,0,1
A,R1,2474,18158,pancakes/3318568,history,91,72,0,1
A,R1,2477,18198,pancakes/413585,history,53,72,0,1
A,R1,2480,18230,pancakes/76828,history,27,72,0,1
A,R1,2482,18252,panna_cotta/1030883,history,94,73,0,1
A,R1,2485,18289,panna_cotta/1431116,history,86,73,0,1
A,R1,2488,18302,panna_cotta/1576852,history,11,73,0,1
A,R1,2491,18326,panna_cotta/2105260,history,13,73,0,1
A,R1,2498,18382,panna_cotta/295061,history,98,73,0,1
A,R1,2507,18453,panna_cotta/3854194,history,23,73,0,1
A,R1,2516,18511,peking_duck/1178552,history,53,74,0,1
A,R1,2517,18515,peking_duck/1195120,history,95,74,0,1
A,R1,2532,18617,peking_duck/2901950,history,53,74,0,1
A,R1,2537,18664,peking_duck/3371991,history,72,74,0,1
A,R1,2543,18704,peking_duck/440646,history,89,74,0,1
A,R1,2549,18729,peking_duck/70601,history,1,74,0,1
A,R1,2555,18777,pho/1242474,history,69,75,0,1
A,R1,2560,18813,pho/1844502,history,64,75,0,1
A,R1,2569,18882,pho/2859250,history,39,75,0,1
A,R1,2576,18937,pho/3762755,history,13,75,0,1
A,R1,2582,18995,pho/964800,history,5,75,0,1
A,R1,2583,18998,pho/990037,history,52,75,0,1
A,R1,2586,19023,pizza/1280320,history,57,76,0,1
A,R1,2591,19055,pizza/177513,history,35,76,0,1
A,R1,2602,19145,pizza/3296507,history,61,76,0,1
A,R1,2608,19177,pizza/376625,history,83,76,0,1
A,R1,2611,19196,pizza/419962,history,97,76,0,1
A,R1,2614,19210,pizza/556507,history,64,76,0,1
A,R1,2618,19252,pork_chop/102958,history,0,77,0,1
A,R1,2623,19270,pork_chop/1345332,history,32,77,0,1
A,R1,2632,19331,pork_chop/2212565,history,43,77,0,1
A,R1,2634,19337,pork_chop/2275839,history,88,77,0,1
A,R1,2635,19362,pork_chop/2486717,history,29,77,0,1
A,R1,2645,19433,pork_chop/3583770,history,81,77,0,1
A,R1,2654,19513,poutine/1215105,history,12,78,0,1
A,R1,2656,19559,poutine/1895233,history,58,78,0,1
A,R1,2657,19565,poutine/1969101,history,68,78,0,1
A,R1,2661,19581,poutine/224288,history,34,78,0,1
A,R1,2677,19697,poutine/3878588,history,27,78,0,1
A,R1,2684,19738,poutine/771699,history,58,78,0,1
A,R1,2692,19817,prime_rib/177042,history,8,79,0,1
A,R1,2697,19843,prime_rib/2203162,history,53,79,0,1
A,R1,2701,19869,prime_rib/267183,history,68,79,0,1
A,R1,2705,19904,prime_rib/3082921,history,65,79,0,1
A,R1,2713,19960,prime_rib/454303,history,17,79,0,1
A,R1,2714,19965,prime_rib/520701,history,96,79,0,1
A,R1,2722,20012,pulled_pork_sandwich/1166300,history,1,80,0,1
A,R1,2728,20069,pulled_pork_sandwich/1844578,history,15,80,0,1
A,R1,2741,20174,pulled_pork_sandwich/3703370,history,1,80,0,1
A,R1,2744,20203,pulled_pork_sandwich/63196,history,43,80,0,1
A,R1,2745,20205,pulled_pork_sandwich/64443,history,71,80,0,1
A,R1,2752,20239,pulled_pork_sandwich/925504,history,74,80,0,1
A,R1,2764,20356,ramen/2712161,history,23,81,0,1
A,R1,2767,20380,ramen/2981910,history,32,81,0,1
A,R1,2769,20389,ramen/3107784,history,5,81,0,1
A,R1,2777,20422,ramen/3639143,history,14,81,0,1
A,R1,2783,20473,ramen/650537,history,13,81,0,1
A,R1,2787,20488,ramen/766615,history,91,81,0,1
A,R1,2791,20519,ravioli/1242156,history,62,82,0,1
A,R1,2794,20531,ravioli/1444890,history,45,82,0,1
A,R1,2803,20621,ravioli/2870540,history,67,82,0,1
A,R1,2807,20628,ravioli/294737,history,41,82,0,1
A,R1,2820,20744,ravioli/902698,history,20,82,0,1
A,R1,2821,20745,ravioli/921330,history,8,82,0,1
A,R1,2823,20770,red_velvet_cake/1236991,history,31,83,0,1
A,R1,2826,20781,red_velvet_cake/1366031,history,58,83,0,1
A,R1,2829,20810,red_velvet_cake/1837129,history,37,83,0,1
A,R1,2836,20874,red_velvet_cake/2672943,history,6,83,0,1
A,R1,2844,20941,red_velvet_cake/3632755,history,43,83,0,1
A,R1,2852,20978,red_velvet_cake/716170,history,30,83,0,1
A,R1,2866,21079,risotto/2099814,history,53,84,0,1
A,R1,2867,21081,risotto/2135252,history,46,84,0,1
A,R1,2876,21142,risotto/2775158,history,17,84,0,1
A,R1,2883,21169,risotto/3164515,history,49,84,0,1
A,R1,2886,21204,risotto/3919980,history,45,84,0,1
A,R1,2889,21247,risotto/937166,history,22,84,0,1
A,R1,2891,21266,samosa/126682,history,20,85,0,1
A,R1,2892,21275,samosa/1499692,history,81,85,0,1
A,R1,2895,21328,samosa/2189028,history,53,85,0,1
A,R1,2902,21366,samosa/2773043,history,15,85,0,1
A,R1,2908,21405,samosa/3189796,history,76,85,0,1
A,R1,2922,21493,samosa/893048,history,61,85,0,1
A,R1,2927,21531,sashimi/1383708,history,39,86,0,1
A,R1,2935,21601,sashimi/2407948,history,68,86,0,1
A,R1,2944,21660,sashimi/3148048,history,59,86,0,1
A,R1,2948,21675,sashimi/3399479,history,2,86,0,1
A,R1,2952,21690,sashimi/3628662,history,40,86,0,1
A,R1,2954,21720,sashimi/559058,history,94,86,0,1
A,R1,2963,21809,scallops/1778061,history,61,87,0,1
A,R1,2970,21862,scallops/2801681,history,92,87,0,1
A,R1,2975,21872,scallops/2931763,history,6,87,0,1
A,R1,2984,21945,scallops/3831018,history,60,87,0,1
A,R1,2985,21946,scallops/3844805,history,86,87,0,1
A,R1,2987,21950,scallops/3881815,history,7,87,0,1
A,R1,2999,22028,seaweed_salad/1320243,history,7,88,0,1
A,R1,3007,22110,seaweed_salad/2512039,history,40,88,0,1
A,R1,3012,22139,seaweed_salad/291889,history,67,88,0,1
A,R1,3013,22148,seaweed_salad/3012252,history,71,88,0,1
A,R1,3016,22188,seaweed_salad/3659071,history,86,88,0,1
A,R1,3021,22231,seaweed_salad/759579,history,35,88,0,1
A,R1,3026,22259,shrimp_and_grits/1092554,history,80,89,0,1
A,R1,3028,22274,shrimp_and_grits/1347851,history,17,89,0,1
A,R1,3036,22334,shrimp_and_grits/2114408,history,67,89,0,1
A,R1,3049,22420,shrimp_and_grits/3549027,history,86,89,0,1
A,R1,3051,22427,shrimp_and_grits/3664636,history,92,89,0,1
A,R1,3053,22435,shrimp_and_grits/3759520,history,40,89,0,1
A,R1,3068,22585,spaghetti_bolognese/2200249,history,3,90,0,1
A,R1,3072,22618,spaghetti_bolognese/2682381,history,62,90,0,1
A,R1,3083,22707,spaghetti_bolognese/3887800,history,10,90,0,1
A,R1,3084,22711,spaghetti_bolognese/398583,history,65,90,0,1
A,R1,3085,22712,spaghetti_bolognese/418139,history,14,90,0,1
A,R1,3091,22732,spaghetti_bolognese/696772,history,82,90,0,1
A,R1,3104,22811,spaghetti_carbonara/1940744,history,27,91,0,1
A,R1,3105,22814,spaghetti_carbonara/1980616,history,19,91,0,1
A,R1,3109,22845,spaghetti_carbonara/2329266,history,5,91,0,1
A,R1,3118,22895,spaghetti_carbonara/3011319,history,42,91,0,1
A,R1,3125,22970,spaghetti_carbonara/644858,history,49,91,0,1
A,R1,3126,22989,spaghetti_carbonara/842057,history,17,91,0,1
A,R1,3134,23067,spring_rolls/1849531,history,14,92,0,1
A,R1,3141,23109,spring_rolls/2399746,history,65,92,0,1
A,R1,3153,23204,spring_rolls/515237,history,87,92,0,1
A,R1,3156,23218,spring_rolls/669188,history,21,92,0,1
A,R1,3158,23226,spring_rolls/792012,history,95,92,0,1
A,R1,3160,23236,spring_rolls/866648,history,78,92,0,1
A,R1,3162,23254,steak/1082384,history,15,93,0,1
A,R1,3177,23375,steak/2943601,history,15,93,0,1
A,R1,3181,23395,steak/321090,history,11,93,0,1
A,R1,3184,23422,steak/3681340,history,70,93,0,1
A,R1,3188,23434,steak/391144,history,42,93,0,1
A,R1,3193,23450,steak/515830,history,100,93,0,1
A,R1,3207,23616,strawberry_shortcake/2577234,history,49,94,0,1
A,R1,3208,23619,strawberry_shortcake/2643939,history,5,94,0,1
A,R1,3218,23679,strawberry_shortcake/3707300,history,50,94,0,1
A,R1,3221,23707,strawberry_shortcake/589777,history,24,94,0,1
A,R1,3225,23731,strawberry_shortcake/810967,history,34,94,0,1
A,R1,3226,23734,strawberry_shortcake/836196,history,37,94,0,1
A,R1,3231,23757,sushi/1080963,history,100,95,0,1
A,R1,3238,23791,sushi/1586894,history,91,95,0,1
A,R1,3240,23798,sushi/1676252,history,12,95,0,1
A,R1,3242,23803,sushi/1706143,history,75,95,0,1
A,R1,3244,23842,sushi/2385731,history,38,95,0,1
A,R1,3254,23937,sushi/479711,history,32,95,0,1
A,R1,3264,24004,tacos/1075296,history,66,96,0,1
A,R1,3266,24023,tacos/1374617,history,11,96,0,1
A,R1,3275,24069,tacos/2035843,history,62,96,0,1
A,R1,3276,24082,tacos/2160957,history,23,96,0,1
A,R1,3283,24159,tacos/3331622,history,86,96,0,1
A,R1,3289,24207,tacos/535587,history,14,96,0,1
A,R1,3301,24267,takoyaki/1161535,history,13,97,0,1
A,R1,3305,24300,takoyaki/1650493,history,46,97,0,1
A,R1,3307,24313,takoyaki/1800172,history,52,97,0,1
A,R1,3321,24441,takoyaki/3675687,history,1,97,0,1
A,R1,3322,24443,takoyaki/3681620,history,78,97,0,1
A,R1,3330,24475,takoyaki/612969,history,1,97,0,1
A,R1,3334,24520,tiramisu/1248053,history,85,98,0,1
A,R1,3335,24521,tiramisu/1265696,history,58,98,0,1
A,R1,3352,24663,tiramisu/3389698,history,43,98,0,1
A,R1,3354,24671,tiramisu/3504005,history,20,98,0,1
A,R1,3361,24705,tiramisu/489422,history,34,98,0,1
A,R1,3365,24737,tiramisu/868269,history,77,98,0,1
A,R1,3370,24764,tuna_tartare/1317702,history,4,99,0,1
A,R1,3375,24800,tuna_tartare/1928248,history,70,99,0,1
A,R1,3390,24942,tuna_tartare/3814595,history,23,99,0,1
A,R1,3392,24958,tuna_tartare/459436,history,5,99,0,1
A,R1,3394,24969,tuna_tartare/606272,history,22,99,0,1
A,R1,3399,24999,tuna_tartare/99695,history,24,99,0,1
A,R1,3401,25010,waffles/1165059,history,70,100,0,1
A,R1,3410,25102,waffles/2301845,history,73,100,0,1
A,R1,3415,25115,waffles/2541584,history,73,100,0,1
A,R1,3424,25175,waffles/347105,history,35,100,0,1
A,R1,3427,25213,waffles/647838,history,65,100,0,1
A,R1,3429,25218,waffles/708688,history,11,100,0,1
A,R2,3435,4,apple_pie/1038694,E,19,0,0,1
A,R2,3437,45,apple_pie/168971,E,10,0,0,1
A,R2,3438,68,apple_pie/2114765,E,85,0,0,1
A,R2,10,97,apple_pie/2446500,history,95,0,0,1
A,R2,16,124,apple_pie/2754101,history,73,0,0,1
A,R2,22,152,apple_pie/3242509,history,43,0,0,1
A,R2,26,198,apple_pie/3800561,history,98,0,0,1
A,R2,27,204,apple_pie/3915901,history,18,0,0,1
A,R2,29,206,apple_pie/406682,history,68,0,0,1
A,R2,33,248,apple_pie/99556,history,97,0,0,1
A,R2,35,262,baby_back_ribs/1185016,history,45,1,0,1
A,R2,3442,274,baby_back_ribs/1352978,E,49,1,0,1
A,R2,38,289,baby_back_ribs/1584068,history,49,1,0,1
A,R2,42,313,baby_back_ribs/1907138,history,77,1,0,1
A,R2,48,338,baby_back_ribs/2185492,history,79,1,0,1
A,R2,50,349,baby_back_ribs/2309590,history,14,1,0,1
A,R2,55,380,baby_back_ribs/2687000,history,10,1,0,1
A,R2,3447,429,baby_back_ribs/360664,E,32,1,0,1
A,R2,3449,482,baby_back_ribs/824318,E,56,1,0,1
A,R2,66,487,baby_back_ribs/898761,history,90,1,0,1
A,R2,70,529,baklava/1363613,history,79,2,0,1
A,R2,71,530,baklava/1389963,history,16,2,0,1
A,R2,72,535,baklava/143372,history,16,2,0,1
A,R2,76,571,baklava/1988719,history,59,2,0,1
A,R2,3451,594,baklava/2348370,E,23,2,0,1
A,R2,3454,635,baklava/2925079,E,3,2,0,1
A,R2,89,664,baklava/3358883,history,41,2,0,1
A,R2,3455,677,baklava/3480784,E,96,2,0,1
A,R2,93,699,baklava/3745075,history,30,2,0,1
A,R2,96,713,baklava/473273,history,34,2,0,1
A,R2,103,771,beef_carpaccio/127274,history,57,3,0,1
A,R2,107,799,beef_carpaccio/1657743,history,100,3,0,1
A,R2,111,813,beef_carpaccio/1765131,history,27,3,0,1
A,R2,112,832,beef_carpaccio/2043824,history,39,3,0,1
A,R2,3462,862,beef_carpaccio/2420375,E,100,3,0,1
A,R2,3463,866,beef_carpaccio/2502843,E,26,3,0,1
A,R2,128,920,beef_carpaccio/3233471,history,34,3,0,1
A,R2,129,934,beef_carpaccio/3397060,history,85,3,0,1
A,R2,3464,943,beef_carpaccio/3554546,E,74,3,0,1
A,R2,132,990,beef_carpaccio/859482,history,97,3,0,1
A,R2,136,1006,beef_tartare/1095314,history,100,4,0,1
A,R2,3467,1012,beef_tartare/1198496,E,28,4,0,1
A,R2,3470,1060,beef_tartare/1892973,E,86,4,0,1
A,R2,149,1092,beef_tartare/2355446,history,25,4,0,1
A,R2,3471,1105,beef_tartare/2597775,E,60,4,0,1
A,R2,151,1108,beef_tartare/2654675,history,55,4,0,1
A,R2,152,1111,beef_tartare/2679067,history,94,4,0,1
A,R2,153,1117,beef_tartare/2781012,history,24,4,0,1
A,R2,156,1133,beef_tartare/2991160,history,73,4,0,1
A,R2,163,1193,beef_tartare/3728219,history,52,4,0,1
A,R2,172,1271,beet_salad/1279760,history,23,5,0,1
A,R2,177,1313,beet_salad/1742629,history,43,5,0,1
A,R2,188,1415,beet_salad/3361971,history,79,5,0,1
A,R2,189,1418,beet_salad/3401830,history,23,5,0,1
A,R2,3477,1424,beet_salad/3448153,E,44,5,0,1
A,R2,191,1445,beet_salad/3839269,history,99,5,0,1
A,R2,195,1460,beet_salad/501026,history,22,5,0,1
A,R2,3478,1462,beet_salad/513468,E,44,5,0,1
A,R2,3479,1470,beet_salad/601161,E,19,5,0,1
A,R2,199,1483,beet_salad/770262,history,97,5,0,1
A,R2,204,1501,beignets/1017820,history,77,6,0,1
A,R2,211,1556,beignets/1619339,history,27,6,0,1
A,R2,3483,1596,beignets/2221824,E,84,6,0,1
A,R2,218,1609,beignets/2394104,history,85,6,0,1
A,R2,224,1640,beignets/2834857,history,16,6,0,1
A,R2,226,1643,beignets/285347,history,71,6,0,1
A,R2,227,1646,beignets/2918213,history,84,6,0,1
A,R2,3486,1653,beignets/3019748,E,49,6,0,1
A,R2,3487,1699,beignets/382110,E,64,6,0,1
A,R2,236,1731,beignets/664866,history,84,6,0,1
A,R2,3491,1786,bibimbap/1373847,E,16,7,0,1
A,R2,240,1798,bibimbap/1660670,history,62,7,0,1
A,R2,243,1819,bibimbap/1891765,history,61,7,0,1
A,R2,245,1833,bibimbap/2159898,history,0,7,0,1
A,R2,246,1834,bibimbap/216516,history,99,7,0,1
A,R2,253,1857,bibimbap/2481411,history,22,7,0,1
A,R2,3495,1858,bibimbap/2486921,E,11,7,0,1
A,R2,3496,1867,bibimbap/2671015,E,4,7,0,1
A,R2,260,1917,bibimbap/3361500,history,91,7,0,1
A,R2,264,1933,bibimbap/3533402,history,71,7,0,1
A,R2,274,2016,bread_pudding/1273240,history,94,8,0,1
A,R2,278,2029,bread_pudding/1372292,history,53,8,0,1
A,R2,3498,2031,bread_pudding/1383671,E,39,8,0,1
A,R2,282,2056,bread_pudding/1661946,history,68,8,0,1
A,R2,294,2150,bread_pudding/3146472,history,19,8,0,1
A,R2,297,2179,bread_pudding/3492099,history,86,8,0,1
A,R2,298,2180,bread_pudding/3504142,history,50,8,0,1
A,R2,303,2203,bread_pudding/3770831,history,75,8,0,1
A,R2,3504,2238,bread_pudding/705947,E,7,8,0,1
A,R2,3505,2244,bread_pudding/871205,E,76,8,0,1
A,R2,307,2260,breakfast_burrito/1097455,history,6,9,0,1
A,R2,3506,2263,breakfast_burrito/1140935,E,83,9,0,1
A,R2,309,2268,breakfast_burrito/1195305,history,43,9,0,1
A,R2,310,2269,breakfast_burrito/1195766,history,27,9,0,1
A,R2,312,2272,breakfast_burrito/12563,history,39,9,0,1
A,R2,3507,2293,breakfast_burrito/159526,E,42,9,0,1
A,R2,326,2372,breakfast_burrito/2805319,history,69,9,0,1
A,R2,327,2374,breakfast_burrito/2825036,history,67,9,0,1
A,R2,331,2395,breakfast_burrito/3084109,history,56,9,0,1
A,R2,3512,2398,breakfast_burrito/3199392,E,92,9,0,1
A,R2,344,2533,bruschetta/1714870,history,45,10,0,1
A,R2,346,2549,bruschetta/201044,history,21,10,0,1
A,R2,349,2573,bruschetta/2264135,history,64,10,0,1
A,R2,3514,2575,bruschetta/2298889,E,90,10,0,1
A,R2,350,2581,bruschetta/2386512,history,14,10,0,1
A,R2,357,2623,bruschetta/2818786,history,97,10,0,1
A,R2,3519,2645,bruschetta/3220175,E,97,10,0,1
A,R2,3520,2663,bruschetta/3472240,E,60,10,0,1
A,R2,364,2677,bruschetta/3668714,history,68,10,0,1
A,R2,367,2703,bruschetta/463000,history,58,10,0,1
A,R2,3522,2761,caesar_salad/1280929,E,17,11,0,1
A,R2,380,2797,caesar_salad/1700074,history,88,11,0,1
A,R2,387,2852,caesar_salad/2418102,history,74,11,0,1
A,R2,392,2880,caesar_salad/2781242,history,8,11,0,1
A,R2,3525,2896,caesar_salad/3029541,E,3,11,0,1
A,R2,398,2906,caesar_salad/3229437,history,29,11,0,1
A,R2,3527,2917,caesar_salad/3318737,E,96,11,0,1
A,R2,399,2918,caesar_salad/3327341,history,30,11,0,1
A,R2,404,2978,caesar_salad/647748,history,5,11,0,1
A,R2,405,2985,caesar_salad/748636,history,26,11,0,1
A,R2,408,3000,cannoli/1087676,history,91,12,0,1
A,R2,3531,3041,cannoli/1534543,E,84,12,0,1
A,R2,415,3043,cannoli/1570755,history,39,12,0,1
A,R2,417,3059,cannoli/186127,history,81,12,0,1
A,R2,419,3066,cannoli/1928609,history,76,12,0,1
A,R2,422,3090,cannoli/2209431,history,30,12,0,1
A,R2,437,3181,cannoli/3621,history,51,12,0,1
A,R2,440,3200,cannoli/3830551,history,28,12,0,1
A,R2,3534,3227,cannoli/695879,E,10,12,0,1
A,R2,3535,3231,cannoli/740231,E,62,12,0,1
A,R2,443,3258,caprese_salad/1132792,history,14,13,0,1
A,R2,3539,3279,caprese_salad/1411082,E,28,13,0,1
A,R2,3540,3310,caprese_salad/1772095,E,78,13,0,1
A,R2,450,3326,caprese_salad/1976598,history,17,13,0,1
A,R2,453,3338,caprese_salad/2161254,history,94,13,0,1
A,R2,454,3345,caprese_salad/2216979,history,86,13,0,1
A,R2,455,3353,caprese_salad/229005,history,18,13,0,1
A,R2,459,3371,caprese_salad/2508781,history,14,13,0,1
A,R2,473,3478,caprese_salad/754100,history,8,13,0,1
A,R2,3545,3495,caprese_salad/904840,E,70,13,0,1
A,R2,3546,3530,carrot_cake/1432252,E,16,14,0,1
A,R2,481,3536,carrot_cake/1575450,history,60,14,0,1
A,R2,486,3563,carrot_cake/1965292,history,21,14,0,1
A,R2,3548,3622,carrot_cake/2758670,E,23,14,0,1
A,R2,498,3623,carrot_cake/2758948,history,84,14,0,1
A,R2,501,3648,carrot_cake/3175778,history,29,14,0,1
A,R2,3549,3650,carrot_cake/3191737,E,74,14,0,1
A,R2,503,3694,carrot_cake/3633827,history,20,14,0,1
A,R2,506,3724,carrot_cake/655678,history,98,14,0,1
A,R2,507,3726,carrot_cake/668188,history,13,14,0,1
A,R2,516,3823,ceviche/2131335,history,1,15,0,1
A,R2,517,3835,ceviche/2330508,history,10,15,0,1
A,R2,518,3841,ceviche/2399499,history,97,15,0,1
A,R2,3557,3850,ceviche/2593075,E,6,15,0,1
A,R2,522,3861,ceviche/277313,history,89,15,0,1
A,R2,529,3895,ceviche/3353055,history,72,15,0,1
A,R2,535,3936,ceviche/3829333,history,96,15,0,1
A,R2,3560,3945,ceviche/390121,E,37,15,0,1
A,R2,3561,3967,ceviche/602558,E,9,15,0,1
A,R2,538,3972,ceviche/626362,history,3,15,0,1
A,R2,3562,4002,cheese_plate/1023521,E,97,16,0,1
A,R2,546,4032,cheese_plate/1468142,history,28,16,0,1
A,R2,548,4034,cheese_plate/1509130,history,75,16,0,1
A,R2,551,4052,cheese_plate/1733363,history,98,16,0,1
A,R2,552,4068,cheese_plate/1975548,history,42,16,0,1
A,R2,3565,4073,cheese_plate/2132275,E,53,16,0,1
A,R2,557,4094,cheese_plate/2496449,history,76,16,0,1
A,R2,560,4130,cheese_plate/2875113,history,18,16,0,1
A,R2,561,4151,cheese_plate/3294142,history,15,16,0,1
A,R2,3568,4163,cheese_plate/3475953,E,17,16,0,1
A,R2,584,4285,cheesecake/1703386,history,71,17,0,1
A,R2,585,4286,cheesecake/1707618,history,86,17,0,1
A,R2,3573,4305,cheesecake/1855433,E,74,17,0,1
A,R2,3576,4337,cheesecake/2245899,E,76,17,0,1
A,R2,591,4342,cheesecake/2317205,history,67,17,0,1
A,R2,598,4385,cheesecake/280106,history,67,17,0,1
A,R2,604,4447,cheesecake/375486,history,6,17,0,1
A,R2,607,4456,cheesecake/3819353,history,85,17,0,1
A,R2,608,4458,cheesecake/38622,history,11,17,0,1
A,R2,3577,4495,cheesecake/970606,E,71,17,0,1
A,R2,620,4560,chicken_curry/1743076,history,97,18,0,1
A,R2,3578,4566,chicken_curry/1781992,E,90,18,0,1
A,R2,621,4582,chicken_curry/208002,history,98,18,0,1
A,R2,629,4617,chicken_curry/2600288,history,61,18,0,1
A,R2,633,4649,chicken_curry/3085892,history,38,18,0,1
A,R2,3582,4690,chicken_curry/3647599,E,86,18,0,1
A,R2,639,4698,chicken_curry/3730437,history,19,18,0,1
A,R2,641,4707,chicken_curry/39376,history,38,18,0,1
A,R2,3585,4713,chicken_curry/496213,E,53,18,0,1
A,R2,643,4726,chicken_curry/656500,history,15,18,0,1
A,R2,3586,4759,chicken_quesadilla/1149853,E,84,19,0,1
A,R2,646,4769,chicken_quesadilla/1297837,history,8,19,0,1
A,R2,648,4785,chicken_quesadilla/151726,history,37,19,0,1
A,R2,3589,4789,chicken_quesadilla/1595181,E,50,19,0,1
A,R2,655,4819,chicken_quesadilla/194215,history,66,19,0,1
A,R2,656,4831,chicken_quesadilla/2085130,history,18,19,0,1
A,R2,663,4871,chicken_quesadilla/2738733,history,47,19,0,1
A,R2,671,4923,chicken_quesadilla/3292457,history,9,19,0,1
A,R2,3591,4964,chicken_quesadilla/404193,E,24,19,0,1
A,R2,679,4991,chicken_quesadilla/831416,history,37,19,0,1
A,R2,3594,5026,chicken_wings/1291088,E,15,20,0,1
A,R2,692,5121,chicken_wings/2731157,history,58,20,0,1
A,R2,3599,5133,chicken_wings/2997531,E,39,20,0,1
A,R2,696,5139,chicken_wings/3096738,history,21,20,0,1
A,R2,697,5142,chicken_wings/3112407,history,78,20,0,1
A,R2,698,5152,chicken_wings/3299354,history,66,20,0,1
A,R2,700,5174,chicken_wings/3727721,history,63,20,0,1
A,R2,704,5187,chicken_wings/3857972,history,22,20,0,1
A,R2,3600,5197,chicken_wings/438471,E,7,20,0,1
A,R2,710,5234,chicken_wings/846921,history,9,20,0,1
A,R2,715,5261,chocolate_cake/125158,history,92,21,0,1
A,R2,719,5296,chocolate_cake/1826433,history,16,21,0,1
A,R2,3603,5313,chocolate_cake/21936,E,12,21,0,1
A,R2,724,5342,chocolate_cake/2574939,history,41,21,0,1
A,R2,3605,5355,chocolate_cake/2721988,E,40,21,0,1
A,R2,730,5384,chocolate_cake/3050711,history,69,21,0,1
A,R2,3606,5391,chocolate_cake/3112536,E,15,21,0,1
A,R2,733,5411,chocolate_cake/3323873,history,0,21,0,1
A,R2,734,5417,chocolate_cake/3365013,history,5,21,0,1
A,R2,743,5467,chocolate_cake/51412,history,52,21,0,1
A,R2,751,5542,chocolate_mousse/1561443,history,38,22,0,1
A,R2,760,5593,chocolate_mousse/2275258,history,46,22,0,1
A,R2,762,5616,chocolate_mousse/2630409,history,0,22,0,1
A,R2,765,5644,chocolate_mousse/3129230,history,19,22,0,1
A,R2,3614,5673,chocolate_mousse/3577364,E,56,22,0,1
A,R2,769,5685,chocolate_mousse/373894,history,56,22,0,1
A,R2,774,5708,chocolate_mousse/44307,history,12,22,0,1
A,R2,3615,5709,chocolate_mousse/449085,E,2,22,0,1
A,R2,3616,5721,chocolate_mousse/612385,E,3,22,0,1
A,R2,778,5722,chocolate_mousse/639279,history,33,22,0,1
A,R2,3618,5751,churros/1064042,E,51,23,0,1
A,R2,785,5762,churros/1162376,history,1,23,0,1
A,R2,788,5789,churros/1683636,history,32,23,0,1
A,R2,791,5799,churros/1766438,history,16,23,0,1
A,R2,796,5836,churros/2376955,history,82,23,0,1
A,R2,806,5929,churros/3555428,history,29,23,0,1
A,R2,3623,5946,churros/3853943,E,13,23,0,1
A,R2,3625,5959,churros/499620,E,19,23,0,1
A,R2,812,5977,churros/664049,history,62,23,0,1
A,R2,814,5982,churros/776000,history,50,23,0,1
A,R2,816,6002,clam_chowder/1012183,history,93,24,0,1
A,R2,818,6012,clam_chowder/1126410,history,60,24,0,1
A,R2,3629,6045,clam_chowder/1601126,E,13,24,0,1
A,R2,826,6080,clam_chowder/2171297,history,48,24,0,1
A,R2,3630,6090,clam_chowder/2268270,E,0,24,0,1
A,R2,3631,6096,clam_chowder/2358061,E,67,24,0,1
A,R2,828,6116,clam_chowder/2666886,history,79,24,0,1
A,R2,833,6162,clam_chowder/3109533,history,100,24,0,1
A,R2,838,6194,clam_chowder/3665992,history,16,24,0,1
A,R2,841,6214,clam_chowder/446083,history,32,24,0,1
A,R2,852,6275,club_sandwich/1328687,history,96,25,0,1
A,R2,3634,6289,club_sandwich/1523790,E,48,25,0,1
A,R2,856,6292,club_sandwich/1578600,history,28,25,0,1
A,R2,861,6331,club_sandwich/2185849,history,31,25,0,1
A,R2,865,6363,club_sandwich/2767736,history,29,25,0,1
A,R2,870,6418,club_sandwich/3545370,history,15,25,0,1
A,R2,3637,6421,club_sandwich/356899,E,71,25,0,1
A,R2,3639,6438,club_sandwich/3764842,E,91,25,0,1
A,R2,873,6440,club_sandwich/3821957,history,9,25,0,1
A,R2,883,6489,club_sandwich/836223,history,3,25,0,1
A,R2,887,6522,crab_cakes/1244695,history,29,26,0,1
A,R2,895,6591,crab_cakes/2316460,history,3,26,0,1
A,R2,899,6609,crab_cakes/2497804,history,52,26,0,1
A,R2,900,6623,crab_cakes/2698357,history,91,26,0,1
A,R2,3644,6636,crab_cakes/2896949,E,46,26,0,1
A,R2,903,6637,crab_cakes/2903374,history,45,26,0,1
A,R2,908,6664,crab_cakes/3469727,history,15,26,0,1
A,R2,911,6677,crab_cakes/3615010,history,80,26,0,1
A,R2,3647,6689,crab_cakes/3786016,E,16,26,0,1
A,R2,3649,6723,crab_cakes/704412,E,2,26,0,1
A,R2,919,6754,creme_brulee/1026621,history,36,27,0,1
A,R2,3650,6782,creme_brulee/1356829,E,30,27,0,1
A,R2,925,6811,creme_brulee/18583,history,15,27,0,1
A,R2,929,6820,creme_brulee/198150,history,6,27,0,1
A,R2,3652,6822,creme_brulee/1994075,E,53,27,0,1
A,R2,931,6842,creme_brulee/2203302,history,39,27,0,1
A,R2,932,6844,creme_brulee/2222838,history,1,27,0,1
A,R2,3654,6865,creme_brulee/2573868,E,66,27,0,1
A,R2,941,6908,creme_brulee/3331178,history,19,27,0,1
A,R2,942,6923,creme_brulee/3593080,history,20,27,0,1
A,R2,958,7048,croque_madame/160044,history,26,28,0,1
A,R2,961,7089,croque_madame/2288889,history,19,28,0,1
A,R2,963,7102,croque_madame/2527228,history,9,28,0,1
A,R2,964,7108,croque_madame/2572107,history,97,28,0,1
A,R2,965,7117,croque_madame/2712075,history,50,28,0,1
A,R2,978,7191,croque_madame/3857356,history,23,28,0,1
A,R2,980,7199,croque_madame/3921946,history,76,28,0,1
A,R2,3661,7201,croque_madame/437938,E,80,28,0,1
A,R2,3662,7220,croque_madame/617919,E,24,28,0,1
A,R2,3663,7229,croque_madame/734164,E,92,28,0,1
A,R2,987,7296,cup_cakes/152190,history,60,29,0,1
A,R2,3667,7334,cup_cakes/2102248,E,44,29,0,1
A,R2,3668,7341,cup_cakes/2218468,E,5,29,0,1
A,R2,994,7348,cup_cakes/2319791,history,48,29,0,1
A,R2,1002,7411,cup_cakes/334193,history,93,29,0,1
A,R2,1004,7419,cup_cakes/347521,history,95,29,0,1
A,R2,3670,7448,cup_cakes/547622,E,80,29,0,1
A,R2,1012,7461,cup_cakes/620627,history,74,29,0,1
A,R2,1013,7466,cup_cakes/665426,history,74,29,0,1
A,R2,1014,7470,cup_cakes/692133,history,1,29,0,1
A,R2,1020,7501,deviled_eggs/1006887,history,41,30,0,1
A,R2,3674,7519,deviled_eggs/1211228,E,87,30,0,1
A,R2,1028,7561,deviled_eggs/1687596,history,78,30,0,1
A,R2,3676,7563,deviled_eggs/1700609,E,86,30,0,1
A,R2,1030,7596,deviled_eggs/2146125,history,62,30,0,1
A,R2,1033,7622,deviled_eggs/2668283,history,15,30,0,1
A,R2,1035,7633,deviled_eggs/2806393,history,28,30,0,1
A,R2,3680,7662,deviled_eggs/3255162,E,5,30,0,1
A,R2,1049,7733,deviled_eggs/791907,history,93,30,0,1
A,R2,1053,7747,deviled_eggs/961460,history,19,30,0,1
A,R2,1054,7752,donuts/1008483,history,15,31,0,1
A,R2,1064,7854,donuts/2525577,history,80,31,0,1
A,R2,3683,7858,donuts/2564295,E,86,31,0,1
A,R2,1069,7873,donuts/2706793,history,47,31,0,1
A,R2,3685,7874,donuts/2732010,E,69,31,0,1
A,R2,3686,7882,donuts/284712,E,85,31,0,1
A,R2,1072,7891,donuts/2982291,history,3,31,0,1
A,R2,1076,7913,donuts/3261062,history,28,31,0,1
A,R2,1083,7971,donuts/700534,history,9,31,0,1
A,R2,1087,7996,donuts/957786,history,89,31,0,1
A,R2,3690,8008,dumplings/1122206,E,44,32,0,1
A,R2,1097,8084,dumplings/2211192,history,23,32,0,1
A,R2,3692,8086,dumplings/2239,E,4,32,0,1
A,R2,1099,8095,dumplings/2325370,history,35,32,0,1
A,R2,1100,8101,dumplings/2379541,history,51,32,0,1
A,R2,1103,8120,dumplings/2595129,history,13,32,0,1
A,R2,3695,8148,dumplings/3031306,E,45,32,0,1
A,R2,1108,8179,dumplings/34861,history,80,32,0,1
A,R2,1109,8185,dumplings/3578339,history,78,32,0,1
A,R2,1118,8236,dumplings/882708,history,19,32,0,1
A,R2,3699,8284,edamame/1521963,E,29,33,0,1
A,R2,3702,8348,edamame/231161,E,47,33,0,1
A,R2,1130,8365,edamame/2556744,history,85,33,0,1
A,R2,1139,8419,edamame/3346459,history,89,33,0,1
A,R2,1140,8424,edamame/3415860,history,4,33,0,1
A,R2,1142,8427,edamame/3433811,history,97,33,0,1
A,R2,1143,8429,edamame/3458707,history,38,33,0,1
A,R2,1144,8431,edamame/355099,history,74,33,0,1
A,R2,1146,8433,edamame/360898,history,24,33,0,1
A,R2,3704,8484,edamame/76528,E,58,33,0,1
A,R2,1156,8501,eggs_benedict/1039716,history,61,34,0,1
A,R2,3706,8552,eggs_benedict/1696652,E,61,34,0,1
A,R2,1164,8565,eggs_benedict/1853211,history,96,34,0,1
A,R2,1166,8570,eggs_benedict/1922744,history,25,34,0,1
A,R2,1168,8587,eggs_benedict/2117980,history,7,34,0,1
A,R2,1169,8588,eggs_benedict/2153543,history,88,34,0,1
A,R2,3708,8618,eggs_benedict/2644524,E,52,34,0,1
A,R2,3709,8621,eggs_benedict/2690377,E,14,34,0,1
A,R2,1184,8707,eggs_benedict/487185,history,1,34,0,1
A,R2,1185,8712,eggs_benedict/61666,history,55,34,0,1
A,R2,3714,8766,escargots/1231466,E,87,35,0,1
A,R2,3715,8781,escargots/1394953,E,91,35,0,1
A,R2,3717,8813,escargots/1862491,E,55,35,0,1
A,R2,1205,8868,escargots/2655103,history,19,35,0,1
A,R2,1208,8904,escargots/3146936,history,77,35,0,1
A,R2,1212,8911,escargots/3299869,history,46,35,0,1
A,R2,1217,8953,escargots/3803422,history,16,35,0,1
A,R2,1221,8976,escargots/728265,history,56,35,0,1
A,R2,1222,8979,escargots/739147,history,19,35,0,1
A,R2,1223,8990,escargots/887104,history,31,35,0,1
A,R2,1224,9005,falafel/1099236,history,85,36,0,1
A,R2,3722,9048,falafel/1668278,E,7,36,0,1
A,R2,1228,9064,falafel/1859252,history,87,36,0,1
A,R2,1229,9069,falafel/190810,history,45,36,0,1
A,R2,1236,9120,falafel/2618884,history,13,36,0,1
A,R2,1240,9135,falafel/286389,history,3,36,0,1
A,R2,1243,9145,falafel/305179,history,7,36,0,1
A,R2,1248,9195,falafel/3793688,history,63,36,0,1
A,R2,3728,9202,falafel/3902688,E,80,36,0,1
A,R2,3729,9248,falafel/964530,E,30,36,0,1
A,R2,1266,9272,filet_mignon/134179,history,3,37,0,1
A,R2,3731,9299,filet_mignon/1721136,E,26,37,0,1
A,R2,1271,9330,filet_mignon/2269648,history,62,37,0,1
A,R2,1273,9357,filet_mignon/249015,history,63,37,0,1
A,R2,1274,9358,filet_mignon/2491507,history,51,37,0,1
A,R2,1276,9378,filet_mignon/2737008,history,1,37,0,1
A,R2,1279,9400,filet_mignon/2919027,history,74,37,0,1
A,R2,1281,9408,filet_mignon/3072443,history,6,37,0,1
A,R2,3736,9462,filet_mignon/485733,E,43,37,0,1
A,R2,3737,9490,filet_mignon/84930,E,30,37,0,1
A,R2,3738,9500,fish_and_chips/100703,E,17,38,0,1
A,R2,1299,9552,fish_and_chips/1784894,history,69,38,0,1
A,R2,1300,9563,fish_and_chips/1902449,history,94,38,0,1
A,R2,1308,9612,fish_and_chips/2535159,history,66,38,0,1
A,R2,1309,9613,fish_and_chips/2562921,history,83,38,0,1
A,R2,1317,9679,fish_and_chips/3573017,history,44,38,0,1
A,R2,1319,9683,fish_and_chips/3632964,history,27,38,0,1
A,R2,3743,9693,fish_and_chips/3834954,E,40,38,0,1
A,R2,1322,9718,fish_and_chips/549848,history,67,38,0,1
A,R2,3745,9742,fish_and_chips/917382,E,77,38,0,1
A,R2,1330,9764,foie_gras/125703,history,73,39,0,1
A,R2,1331,9770,foie_gras/1323211,history,31,39,0,1
A,R2,1339,9832,foie_gras/211168,history,96,39,0,1
A,R2,3749,9887,foie_gras/2949484,E,42,39,0,1
A,R2,1349,9899,foie_gras/3041204,history,92,39,0,1
A,R2,1351,9908,foie_gras/3153628,history,76,39,0,1
A,R2,3751,9914,foie_gras/3280335,E,6,39,0,1
A,R2,3752,9931,foie_gras/3609374,E,24,39,0,1
A,R2,1355,9945,foie_gras/3763946,history,77,39,0,1
A,R2,1359,9993,foie_gras/912000,history,77,39,0,1
A,R2,3755,10071,french_fries/2215693,E,6,40,0,1
A,R2,3756,10081,french_fries/2348992,E,99,40,0,1
A,R2,1377,10156,french_fries/3171053,history,31,40,0,1
A,R2,1379,10162,french_fries/3247750,history,13,40,0,1
A,R2,1382,10169,french_fries/3327888,history,22,40,0,1
A,R2,1385,10189,french_fries/3724080,history,51,40,0,1
A,R2,1386,10197,french_fries/3893313,history,70,40,0,1
A,R2,1388,10210,french_fries/485471,history,70,40,0,1
A,R2,3761,10233,french_fries/674434,E,26,40,0,1
A,R2,1391,10236,french_fries/751336,history,17,40,0,1
A,R2,1398,10307,french_onion_soup/183174,history,44,41,0,1
A,R2,1399,10309,french_onion_soup/1838829,history,87,41,0,1
A,R2,1403,10357,french_onion_soup/2618703,history,94,41,0,1
A,R2,1408,10383,french_onion_soup/2932013,history,71,41,0,1
A,R2,1415,10420,french_onion_soup/3408483,history,81,41,0,1
A,R2,3765,10429,french_onion_soup/3488793,E,23,41,0,1
A,R2,3766,10430,french_onion_soup/349508,E,40,41,0,1
A,R2,3767,10434,french_onion_soup/356633,E,78,41,0,1
A,R2,1419,10448,french_onion_soup/3801808,history,21,41,0,1
A,R2,1422,10462,french_onion_soup/488768,history,81,41,0,1
A,R2,1428,10504,french_toast/1033351,history,49,42,0,1
A,R2,3771,10515,french_toast/122362,E,20,42,0,1
A,R2,1434,10543,french_toast/1553684,history,63,42,0,1
A,R2,1440,10610,french_toast/2529297,history,98,42,0,1
A,R2,1442,10618,french_toast/2674544,history,16,42,0,1
A,R2,1443,10633,french_toast/2872314,history,95,42,0,1
A,R2,1455,10725,french_toast/75929,history,77,42,0,1
A,R2,3776,10730,french_toast/794602,E,70,42,0,1
A,R2,1458,10733,french_toast/83425,history,31,42,0,1
A,R2,3777,10746,french_toast/955051,E,33,42,0,1
A,R2,1465,10780,fried_calamari/1489082,history,33,43,0,1
A,R2,1470,10824,fried_calamari/2094696,history,64,43,0,1
A,R2,3780,10850,fried_calamari/2305239,E,61,43,0,1
A,R2,3782,10884,fried_calamari/2801931,E,31,43,0,1
A,R2,1486,10921,fried_calamari/3629645,history,62,43,0,1
A,R2,1488,10928,fried_calamari/3674776,history,23,43,0,1
A,R2,1491,10955,fried_calamari/580730,history,64,43,0,1
A,R2,3785,10974,fried_calamari/720615,E,0,43,0,1
A,R2,1494,10980,fried_calamari/744075,history,61,43,0,1
A,R2,1495,10996,fried_calamari/936686,history,64,43,0,1
A,R2,1500,11019,fried_rice/1227753,history,14,44,0,1
A,R2,3786,11025,fried_rice/1268221,E,50,44,0,1
A,R2,1504,11065,fried_rice/1807202,history,51,44,0,1
A,R2,3787,11086,fried_rice/2060946,E,97,44,0,1
A,R2,1511,11104,fried_rice/2368350,history,18,44,0,1
A,R2,1514,11136,fried_rice/2798783,history,9,44,0,1
A,R2,1522,11190,fried_rice/359738,history,94,44,0,1
A,R2,3791,11191,fried_rice/3620105,E,73,44,0,1
A,R2,1524,11209,fried_rice/424164,history,37,44,0,1
A,R2,1528,11228,fried_rice/69248,history,41,44,0,1
A,R2,1532,11267,frozen_yogurt/1291908,history,13,45,0,1
A,R2,1535,11284,frozen_yogurt/1494014,history,24,45,0,1
A,R2,3794,11320,frozen_yogurt/1763316,E,66,45,0,1
A,R2,3796,11333,frozen_yogurt/1987670,E,90,45,0,1
A,R2,1545,11337,frozen_yogurt/206284,history,75,45,0,1
A,R2,1548,11375,frozen_yogurt/2558355,history,8,45,0,1
A,R2,1551,11409,frozen_yogurt/3332144,history,69,45,0,1
A,R2,1559,11441,frozen_yogurt/384923,history,72,45,0,1
A,R2,1561,11470,frozen_yogurt/610025,history,35,45,0,1
A,R2,3801,11485,frozen_yogurt/771152,E,19,45,0,1
A,R2,3802,11507,garlic_bread/1077110,E,99,46,0,1
A,R2,1566,11520,garlic_bread/1209975,history,39,46,0,1
A,R2,1570,11543,garlic_bread/1701737,history,54,46,0,1
A,R2,3803,11550,garlic_bread/1811024,E,91,46,0,1
A,R2,1573,11557,garlic_bread/1925345,history,77,46,0,1
A,R2,3805,11571,garlic_bread/2098437,E,29,46,0,1
A,R2,1577,11587,garlic_bread/2242225,history,66,46,0,1
A,R2,1581,11611,garlic_bread/2532241,history,17,46,0,1
A,R2,1586,11645,garlic_bread/2981508,history,37,46,0,1
A,R2,1597,11746,garlic_bread/960820,history,89,46,0,1
A,R2,1606,11810,gnocchi/195871,history,27,47,0,1
A,R2,1607,11823,gnocchi/2165940,history,71,47,0,1
A,R2,3811,11826,gnocchi/2251115,E,46,47,0,1
A,R2,1611,11854,gnocchi/2762453,history,69,47,0,1
A,R2,1613,11858,gnocchi/2838599,history,26,47,0,1
A,R2,1615,11870,gnocchi/3089839,history,94,47,0,1
A,R2,3813,11890,gnocchi/3313967,E,67,47,0,1
A,R2,1619,11893,gnocchi/3370833,history,68,47,0,1
A,R2,3815,11955,gnocchi/577438,E,100,47,0,1
A,R2,1628,11971,gnocchi/75490,history,93,47,0,1
A,R2,1632,12009,greek_salad/1238074,history,97,48,0,1
A,R2,1634,12017,greek_salad/1369576,history,95,48,0,1
A,R2,1640,12078,greek_salad/222202,history,58,48,0,1
A,R2,3821,12094,greek_salad/2430682,E,34,48,0,1
A,R2,1646,12143,greek_salad/33170,history,4,48,0,1
A,R2,1649,12152,greek_salad/3464118,history,2,48,0,1
A,R2,3822,12154,greek_salad/3480345,E,11,48,0,1
A,R2,3823,12165,greek_salad/3595466,E,72,48,0,1
A,R2,1655,12182,greek_salad/37005,history,85,48,0,1
A,R2,1659,12218,greek_salad/650940,history,95,48,0,1
A,R2,3827,12273,grilled_cheese_sandwich/1257233,E,86,49,0,1
A,R2,1668,12284,grilled_cheese_sandwich/1484401,history,96,49,0,1
A,R2,1669,12295,grilled_cheese_sandwich/1597810,history,98,49,0,1
A,R2,1673,12327,grilled_cheese_sandwich/2050018,history,75,49,0,1
A,R2,1676,12337,grilled_cheese_sandwich/2173718,history,94,49,0,1
A,R2,1684,12377,grilled_cheese_sandwich/2787202,history,25,49,0,1
A,R2,3830,12431,grilled_cheese_sandwich/485233,E,19,49,0,1
A,R2,3832,12437,grilled_cheese_sandwich/585734,E,32,49,0,1
A,R2,1692,12445,grilled_cheese_sandwich/614804,history,24,49,0,1
A,R2,1694,12467,grilled_cheese_sandwich/710218,history,84,49,0,1
A,R2,1704,12514,grilled_salmon/1220907,history,32,50,0,1
A,R2,1710,12564,grilled_salmon/2001500,history,9,50,0,1
A,R2,1711,12574,grilled_salmon/2150145,history,80,50,0,1
A,R2,1713,12581,grilled_salmon/2253671,history,62,50,0,1
A,R2,3834,12589,grilled_salmon/2367246,E,89,50,0,1
A,R2,1715,12590,grilled_salmon/2374480,history,49,50,0,1
A,R2,1719,12606,grilled_salmon/2652526,history,97,50,0,1
A,R2,3835,12612,grilled_salmon/2749008,E,46,50,0,1
A,R2,3837,12651,grilled_salmon/3305042,E,64,50,0,1
A,R2,1726,12689,grilled_salmon/3718972,history,75,50,0,1
A,R2,1735,12755,guacamole/1070611,history,15,51,0,1
A,R2,1739,12772,guacamole/1279507,history,81,51,0,1
A,R2,1744,12803,guacamole/1661433,history,43,51,0,1
A,R2,1745,12807,guacamole/1718567,history,100,51,0,1
A,R2,1747,12824,guacamole/1961782,history,44,51,0,1
A,R2,3843,12850,guacamole/2394240,E,89,51,0,1
A,R2,3845,12869,guacamole/270122,E,64,51,0,1
A,R2,1753,12890,guacamole/3035930,history,87,51,0,1
A,R2,3847,12903,guacamole/3207692,E,54,51,0,1
A,R2,1766,12993,guacamole/902627,history,81,51,0,1
A,R2,1768,13000,gyoza/1009005,history,35,52,0,1
A,R2,1777,13060,gyoza/1965682,history,30,52,0,1
A,R2,1782,13120,gyoza/2802612,history,96,52,0,1
A,R2,3853,13138,gyoza/3093562,E,0,52,0,1
A,R2,3854,13150,gyoza/3171077,E,86,52,0,1
A,R2,1787,13153,gyoza/3237941,history,42,52,0,1
A,R2,1789,13160,gyoza/3368789,history,34,52,0,1
A,R2,1790,13161,gyoza/3371369,history,79,52,0,1
A,R2,3855,13207,gyoza/435216,E,21,52,0,1
A,R2,1801,13242,gyoza/893221,history,55,52,0,1
A,R2,1804,13276,hamburger/1404731,history,28,53,0,1
A,R2,3859,13279,hamburger/145378,E,50,53,0,1
A,R2,1806,13286,hamburger/155496,history,41,53,0,1
A,R2,1809,13306,hamburger/1964319,history,72,53,0,1
A,R2,1812,13328,hamburger/2264276,history,0,53,0,1
A,R2,1815,13356,hamburger/272642,history,58,53,0,1
A,R2,1816,13358,hamburger/2745917,history,86,53,0,1
A,R2,3863,13377,hamburger/2945814,E,47,53,0,1
A,R2,1826,13403,hamburger/3402120,history,29,53,0,1
A,R2,3865,13489,hamburger/862582,E,84,53,0,1
A,R2,3867,13549,hot_and_sour_soup/1519845,E,33,54,0,1
A,R2,1846,13580,hot_and_sour_soup/1864685,history,72,54,0,1
A,R2,1848,13587,hot_and_sour_soup/2041812,history,9,54,0,1
A,R2,3869,13598,hot_and_sour_soup/2316956,E,95,54,0,1
A,R2,1850,13599,hot_and_sour_soup/23229,history,80,54,0,1
A,R2,1851,13607,hot_and_sour_soup/2377494,history,50,54,0,1
A,R2,1859,13657,hot_and_sour_soup/2963005,history,28,54,0,1
A,R2,3873,13667,hot_and_sour_soup/3108998,E,86,54,0,1
A,R2,1865,13687,hot_and_sour_soup/350818,history,48,54,0,1
A,R2,1866,13692,hot_and_sour_soup/3551753,history,95,54,0,1
A,R2,3875,13767,hot_dog/1183725,E,83,55,0,1
A,R2,3876,13785,hot_dog/1389788,E,82,55,0,1
A,R2,1876,13798,hot_dog/1498448,history,19,55,0,1
A,R2,1888,13899,hot_dog/3142993,history,91,55,0,1
A,R2,1889,13905,hot_dog/327851,history,59,55,0,1
A,R2,1892,13914,hot_dog/3391918,history,47,55,0,1
A,R2,1893,13923,hot_dog/3552463,history,18,55,0,1
A,R2,1897,13943,hot_dog/3884328,history,1,55,0,1
A,R2,3881,13956,hot_dog/510955,E,77,55,0,1
A,R2,1903,13994,hot_dog/959883,history,72,55,0,1
A,R2,3882,14013,huevos_rancheros/1120921,E,31,56,0,1
A,R2,1909,14070,huevos_rancheros/2092011,history,78,56,0,1
A,R2,3885,14079,huevos_rancheros/2235030,E,41,56,0,1
A,R2,1914,14086,huevos_rancheros/2347526,history,42,56,0,1
A,R2,1926,14168,huevos_rancheros/3609851,history,4,56,0,1
A,R2,1927,14171,huevos_rancheros/3668319,history,99,56,0,1
A,R2,1928,14184,huevos_rancheros/3773682,history,60,56,0,1
A,R2,1931,14193,huevos_rancheros/3896415,history,55,56,0,1
A,R2,1933,14205,huevos_rancheros/484319,history,50,56,0,1
A,R2,3887,14240,huevos_rancheros/898352,E,75,56,0,1
A,R2,3890,14251,hummus/1033201,E,27,57,0,1
A,R2,1943,14292,hummus/1688529,history,81,57,0,1
A,R2,3892,14294,hummus/1717154,E,54,57,0,1
A,R2,1947,14302,hummus/1876844,history,23,57,0,1
A,R2,1953,14350,hummus/2638510,history,33,57,0,1
A,R2,3894,14355,hummus/2674263,E,50,57,0,1
A,R2,1957,14377,hummus/3015641,history,32,57,0,1
A,R2,1959,14387,hummus/3215215,history,73,57,0,1
A,R2,1969,14479,hummus/779819,history,75,57,0,1
A,R2,1971,14499,hummus/99596,history,75,57,0,1
A,R2,1979,14573,ice_cream/2220277,history,23,58,0,1
A,R2,3899,14604,ice_cream/2660799,E,91,58,0,1
A,R2,1984,14606,ice_cream/2702475,history,10,58,0,1
A,R2,1986,14615,ice_cream/2827100,history,78,58,0,1
A,R2,3900,14629,ice_cream/2998712,E,100,58,0,1
A,R2,1994,14644,ice_cream/3410886,history,98,58,0,1
A,R2,1996,14650,ice_cream/3500741,history,76,58,0,1
A,R2,3901,14651,ice_cream/351285,E,8,58,0,1
A,R2,2002,14726,ice_cream/669934,history,23,58,0,1
A,R2,2005,14747,ice_cream/923525,history,54,58,0,1
A,R2,2008,14774,lasagna/1531582,history,25,59,0,1
A,R2,2009,14775,lasagna/1538138,history,66,59,0,1
A,R2,2011,14787,lasagna/1743859,history,96,59,0,1
A,R2,3908,14834,lasagna/2497803,E,100,59,0,1
A,R2,2022,14891,lasagna/3176542,history,99,59,0,1
A,R2,2024,14897,lasagna/3261920,history,66,59,0,1
A,R2,3911,14936,lasagna/3628964,E,64,59,0,1
A,R2,2032,14949,lasagna/3734641,history,83,59,0,1
A,R2,3912,14968,lasagna/518253,E,17,59,0,1
A,R2,2036,14972,lasagna/55800,history,42,59,0,1
A,R2,2042,15023,lobster_bisque/1265516,history,7,60,0,1
A,R2,2045,15061,lobster_bisque/196544,history,64,60,0,1
A,R2,2049,15085,lobster_bisque/2310498,history,12,60,0,1
A,R2,3915,15093,lobster_bisque/2382398,E,33,60,0,1
A,R2,3916,15111,lobster_bisque/2587240,E,36,60,0,1
A,R2,3918,15136,lobster_bisque/2921021,E,15,60,0,1
A,R2,2063,15154,lobster_bisque/3123178,history,32,60,0,1
A,R2,2064,15156,lobster_bisque/3195840,history,8,60,0,1
A,R2,2066,15168,lobster_bisque/3384407,history,48,60,0,1
A,R2,2068,15193,lobster_bisque/3727672,history,3,60,0,1
A,R2,2075,15266,lobster_roll_sandwich/123425,history,95,61,0,1
A,R2,3923,15312,lobster_roll_sandwich/1887378,E,26,61,0,1
A,R2,3924,15339,lobster_roll_sandwich/215410,E,27,61,0,1
A,R2,3925,15365,lobster_roll_sandwich/2457853,E,35,61,0,1
A,R2,2095,15395,lobster_roll_sandwich/2915792,history,68,61,0,1
A,R2,2096,15411,lobster_roll_sandwich/3573742,history,94,61,0,1
A,R2,2100,15432,lobster_roll_sandwich/548558,history,34,61,0,1
A,R2,2103,15454,lobster_roll_sandwich/693739,history,93,61,0,1
A,R2,2104,15471,lobster_roll_sandwich/784347,history,75,61,0,1
A,R2,2107,15496,lobster_roll_sandwich/931310,history,20,61,0,1
A,R2,3932,15538,macaroni_and_cheese/1707765,E,94,62,0,1
A,R2,2114,15558,macaroni_and_cheese/1897629,history,88,62,0,1
A,R2,3934,15577,macaroni_and_cheese/2164788,E,77,62,0,1
A,R2,2119,15608,macaroni_and_cheese/263832,history,55,62,0,1
A,R2,2120,15611,macaroni_and_cheese/2658051,history,37,62,0,1
A,R2,3935,15634,macaroni_and_cheese/2898736,E,77,62,0,1
A,R2,2125,15638,macaroni_and_cheese/3001115,history,72,62,0,1
A,R2,2127,15660,macaroni_and_cheese/3290772,history,51,62,0,1
A,R2,2137,15703,macaroni_and_cheese/463216,history,48,62,0,1
A,R2,2138,15710,macaroni_and_cheese/596481,history,22,62,0,1
A,R2,2144,15782,macarons/1429996,history,36,63,0,1
A,R2,2146,15787,macarons/1490530,history,32,63,0,1
A,R2,3940,15810,macarons/1733328,E,96,63,0,1
A,R2,2154,15855,macarons/2329170,history,49,63,0,1
A,R2,2156,15865,macarons/2465104,history,82,63,0,1
A,R2,2157,15868,macarons/2485318,history,87,63,0,1
A,R2,2169,15962,macarons/451365,history,65,63,0,1
A,R2,3944,15964,macarons/461265,E,26,63,0,1
A,R2,2172,15980,macarons/659743,history,97,63,0,1
A,R2,3945,15993,macarons/869993,E,38,63,0,1
A,R2,3946,16027,miso_soup/1432037,E,2,64,0,1
A,R2,2180,16038,miso_soup/1584977,history,92,64,0,1
A,R2,2192,16124,miso_soup/2814209,history,96,64,0,1
A,R2,2196,16159,miso_soup/3242882,history,59,64,0,1
A,R2,2198,16164,miso_soup/3300906,history,96,64,0,1
A,R2,2199,16170,miso_soup/3361351,history,21,64,0,1
A,R2,3952,16201,miso_soup/406990,E,56,64,0,1
A,R2,3953,16210,miso_soup/537174,E,60,64,0,1
A,R2,2204,16221,miso_soup/700055,history,84,64,0,1
A,R2,2205,16226,miso_soup/8299,history,21,64,0,1
A,R2,3955,16326,mussels/2259537,E,84,65,0,1
A,R2,2221,16335,mussels/2416280,history,1,65,0,1
A,R2,2223,16343,mussels/2583316,history,70,65,0,1
A,R2,3956,16345,mussels/2625250,E,23,65,0,1
A,R2,2229,16390,mussels/3212074,history,33,65,0,1
A,R2,2230,16397,mussels/3277842,history,66,65,0,1
A,R2,3960,16440,mussels/374654,E,30,65,0,1
A,R2,2235,16452,mussels/416496,history,5,65,0,1
A,R2,2236,16453,mussels/467002,history,47,65,0,1
A,R2,2241,16475,mussels/668323,history,69,65,0,1
A,R2,3962,16501,nachos/101954,E,6,66,0,1
A,R2,2246,16509,nachos/1092128,history,73,66,0,1
A,R2,3963,16515,nachos/1168757,E,78,66,0,1
A,R2,3964,16516,nachos/1185751,E,96,66,0,1
A,R2,2253,16551,nachos/1568961,history,17,66,0,1
A,R2,2256,16585,nachos/2247901,history,16,66,0,1
A,R2,2257,16590,nachos/2324402,history,48,66,0,1
A,R2,2263,16637,nachos/3024911,history,71,66,0,1
A,R2,2266,16663,nachos/3333300,history,84,66,0,1
A,R2,2271,16691,nachos/3622306,history,69,66,0,1
A,R2,2278,16756,omelette/119193,history,63,67,0,1
A,R2,3970,16759,omelette/1227395,E,9,67,0,1
A,R2,2279,16766,omelette/1355577,history,80,67,0,1
A,R2,2281,16788,omelette/1698444,history,94,67,0,1
A,R2,2292,16850,omelette/2636258,history,98,67,0,1
A,R2,3974,16900,omelette/3327579,E,40,67,0,1
A,R2,2299,16919,omelette/3623022,history,90,67,0,1
A,R2,2300,16921,omelette/3641223,history,59,67,0,1
A,R2,3976,16962,omelette/566712,E,52,67,0,1
A,R2,2306,16965,omelette/569858,history,62,67,0,1
A,R2,2312,17001,onion_rings/1022297,history,73,68,0,1
A,R2,2320,17048,onion_rings/1778452,history,94,68,0,1
A,R2,2323,17068,onion_rings/2006926,history,70,68,0,1
A,R2,2326,17098,onion_rings/2358667,history,9,68,0,1
A,R2,2328,17114,onion_rings/2553228,history,32,68,0,1
A,R2,3981,17115,onion_rings/2567582,E,100,68,0,1
A,R2,3982,17168,onion_rings/3359495,E,41,68,0,1
A,R2,3983,17172,onion_rings/3377359,E,26,68,0,1
A,R2,2339,17217,onion_rings/500381,history,81,68,0,1
A,R2,2340,17228,onion_rings/634620,history,86,68,0,1
A,R2,2348,17257,oysters/1102160,history,85,69,0,1
A,R2,2358,17358,oysters/2929119,history,79,69,0,1
A,R2,2365,17387,oysters/3235274,history,41,69,0,1
A,R2,2366,17391,oysters/3264761,history,39,69,0,1
A,R2,2370,17406,oysters/3421619,history,0,69,0,1
A,R2,3988,17410,oysters/351292,E,63,69,0,1
A,R2,3990,17448,oysters/3899679,E,89,69,0,1
A,R2,2378,17462,oysters/59985,history,15,69,0,1
A,R2,2379,17474,oysters/708733,history,62,69,0,1
A,R2,3992,17478,oysters/761057,E,19,69,0,1
A,R2,3995,17560,pad_thai/1923850,E,95,70,0,1
A,R2,2386,17569,pad_thai/200533,history,42,70,0,1
A,R2,2387,17573,pad_thai/2053936,history,64,70,0,1
A,R2,2389,17585,pad_thai/2185856,history,26,70,0,1
A,R2,2390,17590,pad_thai/2231556,history,94,70,0,1
A,R2,3997,17624,pad_thai/2750029,E,35,70,0,1
A,R2,2396,17627,pad_thai/278179,history,63,70,0,1
A,R2,2402,17693,pad_thai/380868,history,46,70,0,1
A,R2,2409,17725,pad_thai/585971,history,21,70,0,1
A,R2,4001,17738,pad_thai/788616,E,59,70,0,1
A,R2,2419,17789,paella/1481053,history,15,71,0,1
A,R2,4002,17791,paella/1494747,E,26,71,0,1
A,R2,2422,17817,paella/1781035,history,2,71,0,1
A,R2,2427,17857,paella/2336457,history,66,71,0,1
A,R2,2432,17894,paella/2965924,history,73,71,0,1
A,R2,2433,17895,paella/2969655,history,46,71,0,1
A,R2,2436,17908,paella/3192293,history,23,71,0,1
A,R2,4008,17920,paella/3367039,E,76,71,0,1
A,R2,4009,17935,paella/3522376,E,38,71,0,1
A,R2,2443,17953,paella/3774465,history,41,71,0,1
A,R2,2452,18024,pancakes/1326060,history,66,72,0,1
A,R2,2453,18030,pancakes/144210,history,44,72,0,1
A,R2,2463,18097,pancakes/2360364,history,69,72,0,1
A,R2,2464,18101,pancakes/2413649,history,14,72,0,1
A,R2,4013,18105,pancakes/2500916,E,40,72,0,1
A,R2,2467,18107,pancakes/2525914,history,44,72,0,1
A,R2,2469,18119,pancakes/2683298,history,50,72,0,1
A,R2,4015,18121,pancakes/277012,E,58,72,0,1
A,R2,2470,18130,pancakes/2868534,history,40,72,0,1
A,R2,4016,18169,pancakes/3506455,E,77,72,0,1
A,R2,2490,18314,panna_cotta/19436,history,31,73,0,1
A,R2,2493,18341,panna_cotta/2380624,history,41,73,0,1
A,R2,4020,18343,panna_cotta/2384447,E,28,73,0,1
A,R2,4022,18377,panna_cotta/2878464,E,29,73,0,1
A,R2,2497,18381,panna_cotta/290630,history,27,73,0,1
A,R2,2505,18432,panna_cotta/356581,history,60,73,0,1
A,R2,4024,18457,panna_cotta/3923998,E,26,73,0,1
A,R2,2509,18459,panna_cotta/410957,history,52,73,0,1
A,R2,2510,18464,panna_cotta/481801,history,77,73,0,1
A,R2,2513,18487,panna_cotta/90472,history,15,73,0,1
A,R2,4026,18529,peking_duck/1420043,E,34,74,0,1
A,R2,2522,18558,peking_duck/2013761,history,53,74,0,1
A,R2,2525,18563,peking_duck/2064937,history,21,74,0,1
A,R2,2530,18604,peking_duck/2676715,history,64,74,0,1
A,R2,2531,18612,peking_duck/2842324,history,2,74,0,1
A,R2,2534,18638,peking_duck/3058801,history,32,74,0,1
A,R2,4030,18667,peking_duck/3410856,E,35,74,0,1
A,R2,4031,18713,peking_duck/521673,E,66,74,0,1
A,R2,2547,18718,peking_duck/566911,history,32,74,0,1
A,R2,2548,18722,peking_duck/630396,history,33,74,0,1
A,R2,4034,18751,pho/1020153,E,91,75,0,1
A,R2,2557,18794,pho/1511228,history,86,75,0,1
A,R2,2561,18824,pho/2070753,history,7,75,0,1
A,R2,2563,18831,pho/2146634,history,19,75,0,1
A,R2,2566,18866,pho/271164,history,62,75,0,1
A,R2,4038,18901,pho/3100035,E,26,75,0,1
A,R2,2574,18929,pho/3622364,history,51,75,0,1
A,R2,2575,18934,pho/3738574,history,88,75,0,1
A,R2,2577,18945,pho/3888773,history,24,75,0,1
A,R2,4039,18970,pho/670438,E,59,75,0,1
A,R2,2589,19037,pizza/1475479,history,43,76,0,1
A,R2,4043,19072,pizza/2082495,E,3,76,0,1
A,R2,2596,19098,pizza/2478048,history,88,76,0,1
A,R2,2599,19109,pizza/2549661,history,89,76,0,1
A,R2,4045,19133,pizza/3049449,E,6,76,0,1
A,R2,2604,19157,pizza/3442426,history,79,76,0,1
A,R2,2605,19161,pizza/3475871,history,96,76,0,1
A,R2,2607,19175,pizza/3754474,history,82,76,0,1
A,R2,4049,19239,pizza/897300,E,36,76,0,1
A,R2,2616,19246,pizza/979933,history,35,76,0,1
A,R2,2619,19255,pork_chop/105951,history,29,77,0,1
A,R2,2620,19258,pork_chop/1081386,history,88,77,0,1
A,R2,2624,19272,pork_chop/137031,history,22,77,0,1
A,R2,2626,19276,pork_chop/1408421,history,0,77,0,1
A,R2,4053,19340,pork_chop/2292845,E,87,77,0,1
A,R2,4056,19377,pork_chop/2693277,E,44,77,0,1
A,R2,2637,19390,pork_chop/2888066,history,9,77,0,1
A,R2,2640,19400,pork_chop/3049627,history,22,77,0,1
A,R2,4057,19424,pork_chop/3456951,E,16,77,0,1
A,R2,2647,19452,pork_chop/3844627,history,15,77,0,1
A,R2,2652,19505,poutine/1040500,history,95,78,0,1
A,R2,2658,19566,poutine/1989366,history,60,78,0,1
A,R2,2659,19573,poutine/2102506,history,52,78,0,1
A,R2,4060,19576,poutine/2137660,E,93,78,0,1
A,R2,2662,19584,poutine/229517,history,58,78,0,1
A,R2,4062,19611,poutine/2591487,E,43,78,0,1
A,R2,2671,19657,poutine/3398634,history,42,78,0,1
A,R2,2676,19685,poutine/3746315,history,22,78,0,1
A,R2,4064,19710,poutine/459088,E,67,78,0,1
A,R2,2682,19726,poutine/677155,history,40,78,0,1
A,R2,2690,19808,prime_rib/1672654,history,40,79,0,1
A,R2,4069,19813,prime_rib/1731697,E,8,79,0,1
A,R2,2691,19815,prime_rib/1757065,history,13,79,0,1
A,R2,2696,19838,prime_rib/2141877,history,18,79,0,1
A,R2,2703,19875,prime_rib/2765690,history,78,79,0,1
A,R2,2712,19947,prime_rib/389280,history,54,79,0,1
A,R2,4071,19963,prime_rib/50193,E,2,79,0,1
A,R2,2715,19966,prime_rib/523012,history,84,79,0,1
A,R2,4073,19992,prime_rib/9053,E,72,79,0,1
A,R2,2719,19993,prime_rib/90923,history,90,79,0,1
A,R2,2727,20066,pulled_pork_sandwich/1826318,history,73,80,0,1
A,R2,4078,20107,pulled_pork_sandwich/2353073,E,54,80,0,1
A,R2,2736,20131,pulled_pork_sandwich/2813677,history,69,80,0,1
A,R2,2737,20134,pulled_pork_sandwich/2902609,history,11,80,0,1
A,R2,4080,20173,pulled_pork_sandwich/3691974,E,60,80,0,1
A,R2,2747,20215,pulled_pork_sandwich/714540,history,1,80,0,1
A,R2,2748,20223,pulled_pork_sandwich/779537,history,37,80,0,1
A,R2,2750,20237,pulled_pork_sandwich/912070,history,98,80,0,1
A,R2,2751,20238,pulled_pork_sandwich/924877,history,81,80,0,1
A,R2,4081,20247,pulled_pork_sandwich/985218,E,37,80,0,1
A,R2,4083,20296,ramen/1698372,E,72,81,0,1
A,R2,2757,20305,ramen/181732,history,25,81,0,1
A,R2,2758,20306,ramen/1844129,history,70,81,0,1
A,R2,2768,20385,ramen/3065945,history,18,81,0,1
A,R2,2772,20394,ramen/3180843,history,87,81,0,1
A,R2,4086,20396,ramen/3191588,E,74,81,0,1
A,R2,4088,20416,ramen/3545,E,8,81,0,1
A,R2,2781,20454,ramen/503504,history,3,81,0,1
A,R2,2782,20469,ramen/613375,history,52,81,0,1
A,R2,2784,20480,ramen/725200,history,22,81,0,1
A,R2,2789,20510,ravioli/1150148,history,72,82,0,1
A,R2,4090,20535,ravioli/1529728,E,54,82,0,1
A,R2,2800,20556,ravioli/1893671,history,60,82,0,1
A,R2,4095,20608,ravioli/2654580,E,47,82,0,1
A,R2,2809,20654,ravioli/325437,history,18,82,0,1
A,R2,2812,20667,ravioli/344165,history,48,82,0,1
A,R2,2813,20673,ravioli/3541878,history,58,82,0,1
A,R2,2815,20695,ravioli/3923169,history,8,82,0,1
A,R2,4097,20705,ravioli/442504,E,27,82,0,1
A,R2,2819,20729,ravioli/696902,history,61,82,0,1
A,R2,4099,20803,red_velvet_cake/1735447,E,60,83,0,1
A,R2,2830,20824,red_velvet_cake/1981898,history,14,83,0,1
A,R2,4101,20828,red_velvet_cake/2000127,E,5,83,0,1
A,R2,2833,20837,red_velvet_cake/2104455,history,5,83,0,1
A,R2,2840,20911,red_velvet_cake/3093907,history,84,83,0,1
A,R2,2842,20932,red_velvet_cake/3465651,history,11,83,0,1
A,R2,2843,20938,red_velvet_cake/3593357,history,65,83,0,1
A,R2,2848,20964,red_velvet_cake/484470,history,39,83,0,1
A,R2,2853,20984,red_velvet_cake/814066,history,58,83,0,1
A,R2,4105,20998,red_velvet_cake/954504,E,36,83,0,1
A,R2,4108,21066,risotto/1894556,E,37,84,0,1
A,R2,2863,21067,risotto/189779,history,9,84,0,1
A,R2,2877,21143,risotto/27974,history,59,84,0,1
A,R2,2880,21165,risotto/312397,history,0,84,0,1
A,R2,2881,21167,risotto/3147264,history,97,84,0,1
A,R2,2882,21168,risotto/3156723,history,15,84,0,1
A,R2,4110,21200,risotto/3838486,E,53,84,0,1
A,R2,2885,21203,risotto/3864139,history,24,84,0,1
A,R2,2887,21212,risotto/47424,history,40,84,0,1
A,R2,4111,21214,risotto/484021,E,10,84,0,1
A,R2,4114,21259,samosa/1125917,E,25,85,0,1
A,R2,2894,21290,samosa/1708885,history,19,85,0,1
A,R2,2899,21356,samosa/2663065,history,41,85,0,1
A,R2,2901,21362,samosa/2735799,history,16,85,0,1
A,R2,2909,21408,samosa/321076,history,90,85,0,1
A,R2,2910,21409,samosa/327105,history,83,85,0,1
A,R2,4117,21413,samosa/333890,E,99,85,0,1
A,R2,4119,21426,samosa/3546936,E,88,85,0,1
A,R2,2914,21442,samosa/3740074,history,44,85,0,1
A,R2,2918,21472,samosa/661244,history,52,85,0,1
A,R2,4126,21581,sashimi/210816,E,96,86,0,1
A,R2,2931,21587,sashimi/2171679,history,52,86,0,1
A,R2,4127,21597,sashimi/2294141,E,2,86,0,1
A,R2,2938,21622,sashimi/2745002,history,13,86,0,1
A,R2,2942,21652,sashimi/3069686,history,63,86,0,1
A,R2,2950,21677,sashimi/3504509,history,78,86,0,1
A,R2,2953,21698,sashimi/3726368,history,1,86,0,1
A,R2,4129,21733,sashimi/731121,E,100,86,0,1
A,R2,2956,21737,sashimi/79501,history,18,86,0,1
A,R2,2957,21749,sashimi/988502,history,39,86,0,1
A,R2,2958,21758,scallops/1114260,history,75,87,0,1
A,R2,2959,21780,scallops/1432931,history,5,87,0,1
A,R2,4131,21790,scallops/1515529,E,59,87,0,1
A,R2,2962,21808,scallops/177500,history,68,87,0,1
A,R2,4132,21822,scallops/1985577,E,14,87,0,1
A,R2,2968,21851,scallops/2579864,history,44,87,0,1
A,R2,2974,21870,scallops/2907646,history,29,87,0,1
A,R2,2976,21875,scallops/30324,history,53,87,0,1
A,R2,2981,21917,scallops/34922,history,88,87,0,1
A,R2,4134,21927,scallops/3569756,E,76,87,0,1
A,R2,2992,22005,seaweed_salad/1073168,history,96,88,0,1
A,R2,2996,22022,seaweed_salad/1234936,history,36,88,0,1
A,R2,2998,22027,seaweed_salad/1294953,history,72,88,0,1
A,R2,3004,22074,seaweed_salad/1959926,history,100,88,0,1
A,R2,3009,22123,seaweed_salad/2680904,history,59,88,0,1
A,R2,3011,22134,seaweed_salad/2779537,history,30,88,0,1
A,R2,4142,22144,seaweed_salad/2951503,E,57,88,0,1
A,R2,4143,22176,seaweed_salad/3395112,E,93,88,0,1
A,R2,3017,22193,seaweed_salad/3737489,history,18,88,0,1
A,R2,4145,22244,seaweed_salad/953099,E,92,88,0,1
A,R2,4146,22263,shrimp_and_grits/1159440,E,5,89,0,1
A,R2,3032,22319,shrimp_and_grits/1907563,history,36,89,0,1
A,R2,3033,22326,shrimp_and_grits/1988065,history,23,89,0,1
A,R2,4149,22348,shrimp_and_grits/2358342,E,80,89,0,1
A,R2,3040,22381,shrimp_and_grits/3046851,history,11,89,0,1
A,R2,3054,22438,shrimp_and_grits/3767872,history,49,89,0,1
A,R2,3055,22463,shrimp_and_grits/538291,history,96,89,0,1
A,R2,3058,22487,shrimp_and_grits/889512,history,60,89,0,1
A,R2,4153,22489,shrimp_and_grits/899184,E,49,89,0,1
A,R2,3059,22494,shrimp_and_grits/918510,history,9,89,0,1
A,R2,3060,22502,spaghetti_bolognese/1043721,history,72,90,0,1
A,R2,3061,22503,spaghetti_bolognese/1062829,history,74,90,0,1
A,R2,4155,22514,spaghetti_bolognese/1233406,E,39,90,0,1
A,R2,4156,22542,spaghetti_bolognese/1619474,E,25,90,0,1
A,R2,3064,22546,spaghetti_bolognese/1700784,history,95,90,0,1
A,R2,3069,22589,spaghetti_bolognese/2227020,history,59,90,0,1
A,R2,4157,22616,spaghetti_bolognese/2675763,E,65,90,0,1
A,R2,3074,22634,spaghetti_bolognese/2952746,history,19,90,0,1
A,R2,3089,22725,spaghetti_bolognese/595662,history,65,90,0,1
A,R2,3090,22727,spaghetti_bolognese/602629,history,72,90,0,1
A,R2,3102,22799,spaghetti_carbonara/1765972,history,34,91,0,1
A,R2,3108,22839,spaghetti_carbonara/2282781,history,76,91,0,1
A,R2,3111,22855,spaghetti_carbonara/2451924,history,53,91,0,1
A,R2,3114,22867,spaghetti_carbonara/2610045,history,71,91,0,1
A,R2,3116,22874,spaghetti_carbonara/2693871,history,95,91,0,1
A,R2,4164,22897,spaghetti_carbonara/3052440,E,14,91,0,1
A,R2,3123,22957,spaghetti_carbonara/512919,history,77,91,0,1
A,R2,3124,22961,spaghetti_carbonara/550870,history,93,91,0,1
A,R2,4167,22976,spaghetti_carbonara/679272,E,60,91,0,1
A,R2,4169,22991,spaghetti_carbonara/868424,E,4,91,0,1
A,R2,4170,23022,spring_rolls/1361453,E,93,92,0,1
A,R2,3135,23068,spring_rolls/1851264,history,19,92,0,1
A,R2,3136,23075,spring_rolls/1894660,history,44,92,0,1
A,R2,3140,23108,spring_rolls/2370894,history,11,92,0,1
A,R2,3143,23121,spring_rolls/250604,history,56,92,0,1
A,R2,3147,23147,spring_rolls/3011950,history,6,92,0,1
A,R2,3148,23165,spring_rolls/3395474,history,30,92,0,1
A,R2,3152,23200,spring_rolls/469343,history,6,92,0,1
A,R2,4176,23207,spring_rolls/535392,E,10,92,0,1
A,R2,4177,23246,spring_rolls/950371,E,66,92,0,1
A,R2,3163,23268,steak/1288129,history,75,93,0,1
A,R2,4178,23278,steak/1379840,E,19,93,0,1
A,R2,4179,23296,steak/1687010,E,78,93,0,1
A,R2,3169,23328,steak/2229090,history,82,93,0,1
A,R2,3170,23335,steak/2308682,history,10,93,0,1
A,R2,4180,23338,steak/2353677,E,32,93,0,1
A,R2,3172,23342,steak/2416973,history,48,93,0,1
A,R2,3179,23378,steak/296375,history,61,93,0,1
A,R2,3180,23384,steak/3029602,history,16,93,0,1
A,R2,3187,23432,steak/3903517,history,89,93,0,1
A,R2,4186,23503,strawberry_shortcake/1027835,E,38,94,0,1
A,R2,4187,23507,strawberry_shortcake/1137994,E,10,94,0,1
A,R2,3197,23511,strawberry_shortcake/1184770,history,85,94,0,1
A,R2,4191,23594,strawberry_shortcake/2297911,E,51,94,0,1
A,R2,3206,23606,strawberry_shortcake/2451314,history,71,94,0,1
A,R2,3215,23665,strawberry_shortcake/3548378,history,29,94,0,1
A,R2,3216,23675,strawberry_shortcake/368691,history,10,94,0,1
A,R2,3220,23702,strawberry_shortcake/570334,history,0,94,0,1
A,R2,3228,23741,strawberry_shortcake/890156,history,89,94,0,1
A,R2,3229,23747,strawberry_shortcake/953437,history,81,94,0,1
A,R2,3230,23751,sushi/1016390,history,27,95,0,1
A,R2,3237,23786,sushi/1457312,history,86,95,0,1
A,R2,3241,23802,sushi/1693204,history,94,95,0,1
A,R2,4196,23808,sushi/1795747,E,31,95,0,1
A,R2,3249,23880,sushi/301603,history,12,95,0,1
A,R2,4198,23888,sushi/3227791,E,22,95,0,1
A,R2,3251,23892,sushi/3268416,history,82,95,0,1
A,R2,4199,23908,sushi/342164,E,24,95,0,1
A,R2,3253,23923,sushi/3806282,history,74,95,0,1
A,R2,3262,23991,sushi/911808,history,74,95,0,1
A,R2,3269,24034,tacos/1571597,history,2,96,0,1
A,R2,3271,24042,tacos/1707011,history,19,96,0,1
A,R2,3272,24043,tacos/1707234,history,56,96,0,1
A,R2,3274,24056,tacos/1910630,history,77,96,0,1
A,R2,4205,24078,tacos/2143962,E,46,96,0,1
A,R2,4206,24095,tacos/2415156,E,63,96,0,1
A,R2,3282,24144,tacos/3189725,history,90,96,0,1
A,R2,3288,24206,tacos/535381,history,75,96,0,1
A,R2,3296,24237,tacos/837058,history,39,96,0,1
A,R2,4209,24244,tacos/904583,E,49,96,0,1
A,R2,4211,24272,takoyaki/122322,E,3,97,0,1
A,R2,3303,24277,takoyaki/1326001,history,86,97,0,1
A,R2,3306,24304,takoyaki/1701861,history,1,97,0,1
A,R2,4213,24320,takoyaki/1884836,E,38,97,0,1
A,R2,4214,24341,takoyaki/2198240,E,39,97,0,1
A,R2,3310,24365,takoyaki/2478904,history,71,97,0,1
A,R2,3315,24397,takoyaki/2921278,history,35,97,0,1
A,R2,3316,24408,takoyaki/3141472,history,69,97,0,1
A,R2,3319,24435,takoyaki/3609949,history,27,97,0,1
A,R2,3328,24462,takoyaki/398037,history,13,97,0,1
A,R2,3332,24508,tiramisu/1143941,history,82,98,0,1
A,R2,3333,24518,tiramisu/1225591,history,18,98,0,1
A,R2,3338,24536,tiramisu/1569112,history,95,98,0,1
A,R2,3339,24545,tiramisu/1703995,history,3,98,0,1
A,R2,4221,24562,tiramisu/1927554,E,53,98,0,1
A,R2,4222,24586,tiramisu/2312156,E,94,98,0,1
A,R2,3343,24597,tiramisu/2484327,history,37,98,0,1
A,R2,4225,24646,tiramisu/3290255,E,29,98,0,1
A,R2,3353,24665,tiramisu/3412914,history,95,98,0,1
A,R2,3356,24678,tiramisu/354282,history,87,98,0,1
A,R2,3366,24751,tuna_tartare/101560,history,64,99,0,1
A,R2,3367,24757,tuna_tartare/1179089,history,94,99,0,1
A,R2,4228,24768,tuna_tartare/1334503,E,49,99,0,1
A,R2,3371,24779,tuna_tartare/1512429,history,17,99,0,1
A,R2,4231,24806,tuna_tartare/2014856,E,2,99,0,1
A,R2,3378,24811,tuna_tartare/2078245,history,53,99,0,1
A,R2,3379,24816,tuna_tartare/2132798,history,68,99,0,1
A,R2,3384,24856,tuna_tartare/2819830,history,77,99,0,1
A,R2,4232,24927,tuna_tartare/3719672,E,67,99,0,1
A,R2,3398,24997,tuna_tartare/958603,history,30,99,0,1
A,R2,3400,25001,waffles/102624,history,32,100,0,1
A,R2,3405,25027,waffles/1350003,history,9,100,0,1
A,R2,4236,25084,waffles/1972595,E,11,100,0,1
A,R2,4237,25091,waffles/2121986,E,35,100,0,1
A,R2,3411,25105,waffles/2342115,history,89,100,0,1
A,R2,3412,25110,waffles/2494095,history,85,100,0,1
A,R2,4238,25111,waffles/2496070,E,58,100,0,1
A,R2,3414,25114,waffles/2539671,history,2,100,0,1
A,R2,3428,25215,waffles/656673,history,59,100,0,1
A,R2,3430,25219,waffles/71341,history,92,100,0,1
B,R1,0,6,apple_pie/1068632,history,23,0,0,1
B,R1,9,81,apple_pie/229142,history,92,0,0,1
B,R1,16,111,apple_pie/2586042,history,81,0,0,1
B,R1,22,148,apple_pie/317970,history,73,0,0,1
B,R1,24,174,apple_pie/3485833,history,2,0,0,1
B,R1,28,202,apple_pie/3860485,history,41,0,0,1
B,R1,35,261,baby_back_ribs/1183551,history,39,1,0,1
B,R1,41,306,baby_back_ribs/1793347,history,9,1,0,1
B,R1,53,425,baby_back_ribs/3516733,history,28,1,0,1
B,R1,58,451,baby_back_ribs/426980,history,25,1,0,1
B,R1,59,459,baby_back_ribs/563715,history,85,1,0,1
B,R1,61,466,baby_back_ribs/649840,history,72,1,0,1
B,R1,68,504,baklava/1067270,history,11,2,0,1
B,R1,71,511,baklava/1196728,history,50,2,0,1
B,R1,90,606,baklava/2511087,history,35,2,0,1
B,R1,94,652,baklava/3136582,history,45,2,0,1
B,R1,100,720,baklava/567973,history,34,2,0,1
B,R1,101,738,baklava/862581,history,76,2,0,1
B,R1,102,757,beef_carpaccio/1147514,history,27,3,0,1
B,R1,111,827,beef_carpaccio/1990775,history,92,3,0,1
B,R1,115,846,beef_carpaccio/2152088,history,30,3,0,1
B,R1,119,893,beef_carpaccio/2960202,history,67,3,0,1
B,R1,121,899,beef_carpaccio/3031137,history,0,3,0,1
B,R1,128,938,beef_carpaccio/3473722,history,17,3,0,1
B,R1,137,1014,beef_tartare/1208771,history,21,4,0,1
B,R1,146,1075,beef_tartare/2096872,history,96,4,0,1
B,R1,147,1082,beef_tartare/217279,history,40,4,0,1
B,R1,161,1184,beef_tartare/3644451,history,22,4,0,1
B,R1,167,1209,beef_tartare/393577,history,66,4,0,1
B,R1,168,1238,beef_tartare/742228,history,10,4,0,1
B,R1,171,1259,beet_salad/114487,history,78,5,0,1
B,R1,176,1296,beet_salad/1518923,history,84,5,0,1
B,R1,180,1327,beet_salad/2008718,history,56,5,0,1
B,R1,182,1332,beet_salad/2124398,history,16,5,0,1
B,R1,187,1379,beet_salad/2915561,history,2,5,0,1
B,R1,191,1387,beet_salad/301952,history,63,5,0,1
B,R1,205,1514,beignets/1116735,history,23,6,0,1
B,R1,209,1519,beignets/1125450,history,45,6,0,1
B,R1,210,1520,beignets/1130421,history,31,6,0,1
B,R1,216,1560,beignets/1683790,history,62,6,0,1
B,R1,224,1638,beignets/2805868,history,37,6,0,1
B,R1,227,1654,beignets/304459,history,77,6,0,1
B,R1,238,1753,bibimbap/1007274,history,23,7,0,1
B,R1,245,1791,bibimbap/1571062,history,99,7,0,1
B,R1,249,1821,bibimbap/1948122,history,20,7,0,1
B,R1,253,1861,bibimbap/2531624,history,6,7,0,1
B,R1,255,1872,bibimbap/2717214,history,28,7,0,1
B,R1,264,1947,bibimbap/3711337,history,50,7,0,1
B,R1,279,2084,bread_pudding/2118042,history,87,8,0,1
B,R1,282,2128,bread_pudding/2817434,history,10,8,0,1
B,R1,284,2134,bread_pudding/2978923,history,43,8,0,1
B,R1,299,2213,bread_pudding/3921692,history,53,8,0,1
B,R1,302,2236,bread_pudding/682677,history,44,8,0,1
B,R1,305,2246,bread_pudding/912778,history,68,8,0,1
B,R1,315,2323,breakfast_burrito/2043080,history,100,9,0,1
B,R1,324,2373,breakfast_burrito/2811087,history,23,9,0,1
B,R1,326,2402,breakfast_burrito/3283949,history,87,9,0,1
B,R1,328,2405,breakfast_burrito/3311062,history,75,9,0,1
B,R1,338,2487,breakfast_burrito/89025,history,59,9,0,1
B,R1,339,2488,breakfast_burrito/900801,history,1,9,0,1
B,R1,340,2501,bruschetta/1018048,history,41,10,0,1
B,R1,349,2560,bruschetta/213545,history,34,10,0,1
B,R1,353,2588,bruschetta/2449838,history,5,10,0,1
B,R1,360,2650,bruschetta/3269901,history,47,10,0,1
B,R1,369,2722,bruschetta/642089,history,33,10,0,1
B,R1,371,2730,bruschetta/770896,history,51,10,0,1
B,R1,383,2823,caesar_salad/2070814,history,45,11,0,1
B,R1,386,2837,caesar_salad/2212741,history,20,11,0,1
B,R1,389,2872,caesar_salad/2667246,history,10,11,0,1
B,R1,394,2919,caesar_salad/3333018,history,46,11,0,1
B,R1,398,2935,caesar_salad/3498757,history,56,11,0,1
B,R1,402,2955,caesar_salad/3777965,history,74,11,0,1
B,R1,414,3033,cannoli/1341623,history,95,12,0,1
B,R1,415,3037,cannoli/1418734,history,62,12,0,1
B,R1,418,3047,cannoli/1668925,history,47,12,0,1
B,R1,419,3050,cannoli/1700139,history,38,12,0,1
B,R1,425,3091,cannoli/2216243,history,61,12,0,1
B,R1,429,3118,cannoli/2600027,history,7,12,0,1
B,R1,443,3264,caprese_salad/1267454,history,98,13,0,1
B,R1,444,3277,caprese_salad/1395018,history,94,13,0,1
B,R1,447,3286,caprese_salad/1502492,history,67,13,0,1
B,R1,455,3367,caprese_salad/2480191,history,26,13,0,1
B,R1,465,3436,caprese_salad/3707452,history,82,13,0,1
B,R1,469,3459,caprese_salad/442848,history,49,13,0,1
B,R1,480,3539,carrot_cake/1609136,history,65,14,0,1
B,R1,488,3603,carrot_cake/2492599,history,28,14,0,1
B,R1,491,3617,carrot_cake/2659617,history,66,14,0,1
B,R1,493,3629,carrot_cake/2902801,history,67,14,0,1
B,R1,496,3656,carrot_cake/3240019,history,82,14,0,1
B,R1,499,3688,carrot_cake/3520105,history,57,14,0,1
B,R1,516,3776,ceviche/146247,history,9,15,0,1
B,R1,523,3814,ceviche/2013336,history,59,15,0,1
B,R1,533,3911,ceviche/3523325,history,28,15,0,1
B,R1,536,3925,ceviche/3741070,history,67,15,0,1
B,R1,540,3955,ceviche/508563,history,10,15,0,1
B,R1,543,3965,ceviche/601112,history,85,15,0,1
B,R1,550,4040,cheese_plate/1568729,history,30,16,0,1
B,R1,553,4053,cheese_plate/1769785,history,90,16,0,1
B,R1,555,4063,cheese_plate/1856029,history,41,16,0,1
B,R1,557,4081,cheese_plate/229124,history,93,16,0,1
B,R1,566,4159,cheese_plate/3436573,history,30,16,0,1
B,R1,569,4170,cheese_plate/3537013,history,36,16,0,1
B,R1,579,4276,cheesecake/1564349,history,11,17,0,1
B,R1,589,4349,cheesecake/2373914,history,28,17,0,1
B,R1,591,4356,cheesecake/2439835,history,46,17,0,1
B,R1,593,4375,cheesecake/2685394,history,56,17,0,1
B,R1,603,4440,cheesecake/3644734,history,98,17,0,1
B,R1,608,4471,cheesecake/570321,history,20,17,0,1
B,R1,612,4502,chicken_curry/1035626,history,54,18,0,1
B,R1,620,4571,chicken_curry/1944189,history,97,18,0,1
B,R1,623,4578,chicken_curry/2031782,history,36,18,0,1
B,R1,630,4622,chicken_curry/2683677,history,34,18,0,1
B,R1,641,4705,chicken_curry/391437,history,13,18,0,1
B,R1,643,4717,chicken_curry/516558,history,80,18,0,1
B,R1,647,4756,chicken_quesadilla/1112934,history,51,19,0,1
B,R1,654,4777,chicken_quesadilla/1367589,history,9,19,0,1
B,R1,662,4839,chicken_quesadilla/2151196,history,95,19,0,1
B,R1,671,4917,chicken_quesadilla/3208200,history,64,19,0,1
B,R1,675,4967,chicken_quesadilla/447916,history,89,19,0,1
B,R1,678,4979,chicken_quesadilla/693569,history,20,19,0,1
B,R1,681,5007,chicken_wings/1102172,history,43,20,0,1
B,R1,693,5132,chicken_wings/2942230,history,99,20,0,1
B,R1,696,5151,chicken_wings/329534,history,97,20,0,1
B,R1,700,5165,chicken_wings/3535402,history,4,20,0,1
B,R1,705,5184,chicken_wings/3828827,history,99,20,0,1
B,R1,712,5246,chicken_wings/978023,history,42,20,0,1
B,R1,715,5265,chocolate_cake/1304467,history,57,21,0,1
B,R1,724,5334,chocolate_cake/2493269,history,88,21,0,1
B,R1,727,5348,chocolate_cake/2644813,history,39,21,0,1
B,R1,732,5393,chocolate_cake/3121206,history,27,21,0,1
B,R1,738,5438,chocolate_cake/3603070,history,78,21,0,1
B,R1,740,5452,chocolate_cake/3793884,history,25,21,0,1
B,R1,752,5516,chocolate_mousse/1238159,history,55,22,0,1
B,R1,756,5556,chocolate_mousse/1720698,history,73,22,0,1
B,R1,758,5569,chocolate_mousse/198372,history,2,22,0,1
B,R1,760,5574,chocolate_mousse/2048018,history,54,22,0,1
B,R1,771,5672,chocolate_mousse/3572703,history,80,22,0,1
B,R1,772,5675,chocolate_mousse/359459,history,66,22,0,1
B,R1,790,5818,churros/2074713,history,21,23,0,1
B,R1,801,5886,churros/3070093,history,86,23,0,1
B,R1,803,5908,churros/3334959,history,59,23,0,1
B,R1,805,5935,churros/3693400,history,62,23,0,1
B,R1,806,5942,churros/3819477,history,33,23,0,1
B,R1,808,5948,churros/3882299,history,62,23,0,1
B,R1,820,6044,clam_chowder/1598939,history,42,24,0,1
B,R1,821,6046,clam_chowder/160257,history,100,24,0,1
B,R1,829,6106,clam_chowder/2499937,history,49,24,0,1
B,R1,830,6108,clam_chowder/255061,history,48,24,0,1
B,R1,836,6154,clam_chowder/3042941,history,13,24,0,1
B,R1,847,6243,clam_chowder/906900,history,45,24,0,1
B,R1,856,6308,club_sandwich/1753140,history,34,25,0,1
B,R1,857,6311,club_sandwich/1789039,history,1,25,0,1
B,R1,860,6334,club_sandwich/2214212,history,64,25,0,1
B,R1,875,6466,club_sandwich/599148,history,1,25,0,1
B,R1,876,6467,club_sandwich/611153,history,67,25,0,1
B,R1,881,6479,club_sandwich/736461,history,88,25,0,1
B,R1,888,6532,crab_cakes/1447846,history,32,26,0,1
B,R1,890,6563,crab_cakes/1846416,history,63,26,0,1
B,R1,894,6612,crab_cakes/2511488,history,31,26,0,1
B,R1,899,6656,crab_cakes/3319652,history,100,26,0,1
B,R1,900,6658,crab_cakes/3353357,history,27,26,0,1
B,R1,912,6734,crab_cakes/801586,history,58,26,0,1
B,R1,922,6774,creme_brulee/1269463,history,24,27,0,1
B,R1,925,6810,creme_brulee/1851232,history,22,27,0,1
B,R1,928,6827,creme_brulee/20027,history,4,27,0,1
B,R1,935,6910,creme_brulee/335674,history,95,27,0,1
B,R1,942,6939,creme_brulee/406040,history,58,27,0,1
B,R1,949,6982,creme_brulee/827841,history,79,27,0,1
B,R1,954,7011,croque_madame/1198642,history,36,28,0,1
B,R1,958,7040,croque_madame/1533800,history,73,28,0,1
B,R1,963,7068,croque_madame/1917486,history,81,28,0,1
B,R1,965,7073,croque_madame/1965406,history,25,28,0,1
B,R1,968,7083,croque_madame/2145335,history,97,28,0,1
B,R1,974,7162,croque_madame/3359283,history,17,28,0,1
B,R1,987,7262,cup_cakes/1103694,history,61,29,0,1
B,R1,992,7314,cup_cakes/1889695,history,66,29,0,1
B,R1,1003,7379,cup_cakes/2755265,history,20,29,0,1
B,R1,1004,7393,cup_cakes/3015956,history,41,29,0,1
B,R1,1010,7441,cup_cakes/49212,history,50,29,0,1
B,R1,1017,7493,cup_cakes/940770,history,35,29,0,1
B,R1,1024,7526,deviled_eggs/1275584,history,84,30,0,1
B,R1,1036,7627,deviled_eggs/2750244,history,90,30,0,1
B,R1,1040,7667,deviled_eggs/3395530,history,53,30,0,1
B,R1,1042,7675,deviled_eggs/3487665,history,57,30,0,1
B,R1,1044,7681,deviled_eggs/3710497,history,35,30,0,1
B,R1,1050,7737,deviled_eggs/877265,history,72,30,0,1
B,R1,1055,7751,donuts/1007399,history,47,31,0,1
B,R1,1058,7779,donuts/1387748,history,26,31,0,1
B,R1,1063,7787,donuts/1538020,history,33,31,0,1
B,R1,1080,7940,donuts/3750821,history,44,31,0,1
B,R1,1081,7951,donuts/462570,history,63,31,0,1
B,R1,1087,7986,donuts/819764,history,98,31,0,1
B,R1,1106,8108,dumplings/2417244,history,46,32,0,1
B,R1,1107,8139,dumplings/2778632,history,41,32,0,1
B,R1,1111,8152,dumplings/3101737,history,31,32,0,1
B,R1,1113,8164,dumplings/323499,history,95,32,0,1
B,R1,1117,8202,dumplings/405415,history,34,32,0,1
B,R1,1119,8218,dumplings/561129,history,95,32,0,1
B,R1,1128,8290,edamame/1590372,history,27,33,0,1
B,R1,1133,8313,edamame/189064,history,57,33,0,1
B,R1,1138,8354,edamame/2466568,history,0,33,0,1
B,R1,1142,8370,edamame/2588718,history,38,33,0,1
B,R1,1150,8449,edamame/401098,history,34,33,0,1
B,R1,1152,8468,edamame/601018,history,54,33,0,1
B,R1,1162,8531,eggs_benedict/1445518,history,38,34,0,1
B,R1,1166,8557,eggs_benedict/1764820,history,68,34,0,1
B,R1,1168,8577,eggs_benedict/2004531,history,36,34,0,1
B,R1,1169,8580,eggs_benedict/2045550,history,10,34,0,1
B,R1,1177,8668,eggs_benedict/3414570,history,2,34,0,1
B,R1,1186,8704,eggs_benedict/469017,history,83,34,0,1
B,R1,1190,8753,escargots/103911,history,68,35,0,1
B,R1,1205,8850,escargots/2362758,history,18,35,0,1
B,R1,1209,8891,escargots/2959124,history,48,35,0,1
B,R1,1211,8914,escargots/3318105,history,9,35,0,1
B,R1,1216,8961,escargots/462504,history,66,35,0,1
B,R1,1217,8967,escargots/574829,history,75,35,0,1
B,R1,1234,9068,falafel/1898638,history,62,36,0,1
B,R1,1236,9079,falafel/2035800,history,52,36,0,1
B,R1,1238,9094,falafel/2237994,history,91,36,0,1
B,R1,1247,9151,falafel/3078386,history,93,36,0,1
B,R1,1250,9191,falafel/3765862,history,9,36,0,1
B,R1,1253,9218,falafel/563262,history,95,36,0,1
B,R1,1273,9370,filet_mignon/2648936,history,65,37,0,1
B,R1,1278,9401,filet_mignon/2932600,history,72,37,0,1
B,R1,1279,9410,filet_mignon/3078868,history,96,37,0,1
B,R1,1281,9412,filet_mignon/3127076,history,43,37,0,1
B,R1,1284,9432,filet_mignon/3479709,history,65,37,0,1
B,R1,1290,9493,filet_mignon/958383,history,0,37,0,1
B,R1,1296,9549,fish_and_chips/1705939,history,33,38,0,1
B,R1,1308,9607,fish_and_chips/2496986,history,61,38,0,1
B,R1,1310,9617,fish_and_chips/2614606,history,6,38,0,1
B,R1,1311,9621,fish_and_chips/2691436,history,96,38,0,1
B,R1,1318,9681,fish_and_chips/3589353,history,6,38,0,1
B,R1,1325,9743,fish_and_chips/918183,history,62,38,0,1
B,R1,1347,9903,foie_gras/3065689,history,44,39,0,1
B,R1,1348,9909,foie_gras/318585,history,38,39,0,1
B,R1,1349,9913,foie_gras/3237430,history,51,39,0,1
B,R1,1352,9940,foie_gras/373535,history,26,39,0,1
B,R1,1356,9964,foie_gras/562249,history,72,39,0,1
B,R1,1357,9967,foie_gras/582792,history,57,39,0,1
B,R1,1364,10020,french_fries/1387352,history,83,40,0,1
B,R1,1367,10040,french_fries/1763119,history,33,40,0,1
B,R1,1368,10043,french_fries/1772806,history,18,40,0,1
B,R1,1373,10078,french_fries/2278633,history,64,40,0,1
B,R1,1374,10079,french_fries/2343991,history,83,40,0,1
B,R1,1376,10089,french_fries/2493036,history,52,40,0,1
B,R1,1394,10257,french_onion_soup/115082,history,11,41,0,1
B,R1,1397,10266,french_onion_soup/1216850,history,46,41,0,1
B,R1,1398,10285,french_onion_soup/1539345,history,18,41,0,1
B,R1,1401,10313,french_onion_soup/1923332,history,48,41,0,1
B,R1,1410,10347,french_onion_soup/2450072,history,35,41,0,1
B,R1,1420,10444,french_onion_soup/3758121,history,10,41,0,1
B,R1,1430,10520,french_toast/1349772,history,97,42,0,1
B,R1,1434,10548,french_toast/1606269,history,32,42,0,1
B,R1,1437,10560,french_toast/1799951,history,54,42,0,1
B,R1,1444,10598,french_toast/231919,history,86,42,0,1
B,R1,1446,10600,french_toast/2349257,history,53,42,0,1
B,R1,1459,10701,french_toast/466760,history,50,42,0,1
B,R1,1471,10800,fried_calamari/1787819,history,75,43,0,1
B,R1,1472,10801,fried_calamari/1796439,history,54,43,0,1
B,R1,1476,10821,fried_calamari/2009121,history,38,43,0,1
B,R1,1484,10923,fried_calamari/3636619,history,41,43,0,1
B,R1,1491,10959,fried_calamari/601291,history,40,43,0,1
B,R1,1492,10961,fried_calamari/617126,history,50,43,0,1
B,R1,1505,11067,fried_rice/1830900,history,17,44,0,1
B,R1,1511,11098,fried_rice/229229,history,82,44,0,1
B,R1,1512,11103,fried_rice/2349818,history,33,44,0,1
B,R1,1515,11116,fried_rice/2565274,history,40,44,0,1
B,R1,1521,11178,fried_rice/3331345,history,6,44,0,1
B,R1,1529,11240,fried_rice/865507,history,71,44,0,1
B,R1,1531,11292,frozen_yogurt/1581496,history,48,45,0,1
B,R1,1533,11300,frozen_yogurt/1620322,history,8,45,0,1
B,R1,1534,11310,frozen_yogurt/167613,history,5,45,0,1
B,R1,1542,11353,frozen_yogurt/22771,history,71,45,0,1
B,R1,1559,11463,frozen_yogurt/572595,history,58,45,0,1
B,R1,1560,11464,frozen_yogurt/576670,history,19,45,0,1
B,R1,1575,11564,garlic_bread/2000520,history,98,46,0,1
B,R1,1576,11568,garlic_bread/2061045,history,77,46,0,1
B,R1,1579,11586,garlic_bread/2239374,history,64,46,0,1
B,R1,1583,11625,garlic_bread/2733138,history,37,46,0,1
B,R1,1588,11662,garlic_bread/3206347,history,59,46,0,1
B,R1,1589,11669,garlic_bread/3338723,history,6,46,0,1
B,R1,1598,11755,gnocchi/1087611,history,41,47,0,1
B,R1,1600,11758,gnocchi/1106388,history,30,47,0,1
B,R1,1601,11762,gnocchi/119920,history,12,47,0,1
B,R1,1610,11808,gnocchi/1924475,history,8,47,0,1
B,R1,1623,11943,gnocchi/506151,history,41,47,0,1
B,R1,1628,11981,gnocchi/847231,history,12,47,0,1
B,R1,1638,12052,greek_salad/1960690,history,100,48,0,1
B,R1,1639,12081,greek_salad/224574,history,92,48,0,1
B,R1,1648,12153,greek_salad/3473146,history,6,48,0,1
B,R1,1650,12172,greek_salad/3617524,history,36,48,0,1
B,R1,1657,12202,greek_salad/40942,history,96,48,0,1
B,R1,1665,12247,greek_salad/968471,history,23,48,0,1
B,R1,1668,12256,grilled_cheese_sandwich/1077535,history,74,49,0,1
B,R1,1670,12274,grilled_cheese_sandwich/1283975,history,32,49,0,1
B,R1,1673,12293,grilled_cheese_sandwich/1575154,history,63,49,0,1
B,R1,1686,12363,grilled_cheese_sandwich/2650357,history,16,49,0,1
B,R1,1692,12449,grilled_cheese_sandwich/624881,history,52,49,0,1
B,R1,1696,12463,grilled_cheese_sandwich/700997,history,66,49,0,1
B,R1,1701,12503,grilled_salmon/1045919,history,56,50,0,1
B,R1,1706,12566,grilled_salmon/2010317,history,97,50,0,1
B,R1,1718,12641,grilled_salmon/3130214,history,75,50,0,1
B,R1,1722,12672,grilled_salmon/3480791,history,84,50,0,1
B,R1,1732,12738,grilled_salmon/820076,history,18,50,0,1
B,R1,1733,12742,grilled_salmon/897813,history,96,50,0,1
B,R1,1735,12754,guacamole/1039675,history,44,51,0,1
B,R1,1746,12804,guacamole/1694494,history,42,51,0,1
B,R1,1750,12815,guacamole/180453,history,54,51,0,1
B,R1,1756,12865,guacamole/2633522,history,61,51,0,1
B,R1,1758,12887,guacamole/3006417,history,23,51,0,1
B,R1,1760,12927,guacamole/3538366,history,79,51,0,1
B,R1,1776,13063,gyoza/2022632,history,44,52,0,1
B,R1,1779,13075,gyoza/2202891,history,68,52,0,1
B,R1,1780,13088,gyoza/2388184,history,30,52,0,1
B,R1,1787,13141,gyoza/310165,history,45,52,0,1
B,R1,1792,13168,gyoza/3428372,history,20,52,0,1
B,R1,1796,13185,gyoza/3583833,history,57,52,0,1
B,R1,1809,13331,hamburger/2319376,history,99,53,0,1
B,R1,1815,13384,hamburger/3071165,history,17,53,0,1
B,R1,1816,13390,hamburger/3156785,history,33,53,0,1
B,R1,1823,13438,hamburger/3867148,history,79,53,0,1
B,R1,1829,13473,hamburger/640204,history,99,53,0,1
B,R1,1834,13488,hamburger/85915,history,96,53,0,1
B,R1,1851,13614,hot_and_sour_soup/2520927,history,97,54,0,1
B,R1,1854,13625,hot_and_sour_soup/2657713,history,31,54,0,1
B,R1,1862,13706,hot_and_sour_soup/373196,history,98,54,0,1
B,R1,1863,13719,hot_and_sour_soup/520049,history,78,54,0,1
B,R1,1864,13721,hot_and_sour_soup/54981,history,92,54,0,1
B,R1,1867,13726,hot_and_sour_soup/602404,history,17,54,0,1
B,R1,1878,13814,hot_dog/1737907,history,34,55,0,1
B,R1,1884,13849,hot_dog/224850,history,92,55,0,1
B,R1,1886,13874,hot_dog/2626957,history,0,55,0,1
B,R1,1891,13913,hot_dog/3352717,history,91,55,0,1
B,R1,1897,13945,hot_dog/3905238,history,3,55,0,1
B,R1,1898,13957,hot_dog/514482,history,41,55,0,1
B,R1,1905,14004,huevos_rancheros/1028981,history,82,56,0,1
B,R1,1917,14091,huevos_rancheros/242712,history,74,56,0,1
B,R1,1918,14109,huevos_rancheros/265105,history,44,56,0,1
B,R1,1921,14122,huevos_rancheros/2860429,history,77,56,0,1
B,R1,1927,14161,huevos_rancheros/3516346,history,77,56,0,1
B,R1,1934,14214,huevos_rancheros/613887,history,90,56,0,1
B,R1,1948,14334,hummus/2407640,history,62,57,0,1
B,R1,1949,14348,hummus/263106,history,51,57,0,1
B,R1,1951,14366,hummus/2863883,history,78,57,0,1
B,R1,1953,14374,hummus/2974574,history,95,57,0,1
B,R1,1964,14444,hummus/467165,history,37,57,0,1
B,R1,1967,14454,hummus/564696,history,12,57,0,1
B,R1,1977,14546,ice_cream/1918103,history,40,58,0,1
B,R1,1978,14549,ice_cream/1961230,history,70,58,0,1
B,R1,1980,14574,ice_cream/2221010,history,5,58,0,1
B,R1,1984,14609,ice_cream/275352,history,83,58,0,1
B,R1,1986,14619,ice_cream/2873327,history,72,58,0,1
B,R1,1993,14657,ice_cream/3596541,history,71,58,0,1
B,R1,2008,14785,lasagna/1685955,history,97,59,0,1
B,R1,2021,14905,lasagna/3317924,history,33,59,0,1
B,R1,2022,14908,lasagna/3352825,history,80,59,0,1
B,R1,2030,14934,lasagna/3621612,history,14,59,0,1
B,R1,2037,14990,lasagna/826119,history,84,59,0,1
B,R1,2038,14993,lasagna/866264,history,67,59,0,1
B,R1,2056,15124,lobster_bisque/2770542,history,93,60,0,1
B,R1,2057,15126,lobster_bisque/2796825,history,35,60,0,1
B,R1,2060,15139,lobster_bisque/2955008,history,26,60,0,1
B,R1,2062,15147,lobster_bisque/3010212,history,0,60,0,1
B,R1,2064,15153,lobster_bisque/3096498,history,17,60,0,1
B,R1,2068,15184,lobster_bisque/3560936,history,68,60,0,1
B,R1,2080,15290,lobster_roll_sandwich/1588048,history,60,61,0,1
B,R1,2087,15362,lobster_roll_sandwich/2375302,history,51,61,0,1
B,R1,2091,15413,lobster_roll_sandwich/368538,history,90,61,0,1
B,R1,2096,15435,lobster_roll_sandwich/601221,history,72,61,0,1
B,R1,2099,15447,lobster_roll_sandwich/670381,history,2,61,0,1
B,R1,2103,15472,lobster_roll_sandwich/785005,history,97,61,0,1
B,R1,2114,15561,macaroni_and_cheese/1949849,history,47,62,0,1
B,R1,2120,15591,macaroni_and_cheese/2390644,history,14,62,0,1
B,R1,2124,15633,macaroni_and_cheese/2897942,history,60,62,0,1
B,R1,2125,15636,macaroni_and_cheese/2953423,history,15,62,0,1
B,R1,2133,15699,macaroni_and_cheese/411774,history,52,62,0,1
B,R1,2140,15733,macaroni_and_cheese/785327,history,4,62,0,1
B,R1,2143,15752,macarons/1027269,history,72,63,0,1
B,R1,2152,15796,macarons/1555857,history,57,63,0,1
B,R1,2161,15861,macarons/2417801,history,37,63,0,1
B,R1,2163,15894,macarons/2929876,history,52,63,0,1
B,R1,2170,15939,macarons/3658494,history,44,63,0,1
B,R1,2175,15996,macarons/887754,history,33,63,0,1
B,R1,2182,16034,miso_soup/1528949,history,15,64,0,1
B,R1,2184,16046,miso_soup/1730873,history,56,64,0,1
B,R1,2185,16055,miso_soup/1861636,history,21,64,0,1
B,R1,2187,16081,miso_soup/2146417,history,55,64,0,1
B,R1,2205,16190,miso_soup/3661383,history,32,64,0,1
B,R1,2209,16219,miso_soup/653307,history,72,64,0,1
B,R1,2220,16323,mussels/2238703,history,90,65,0,1
B,R1,2222,16338,mussels/2464799,history,23,65,0,1
B,R1,2225,16361,mussels/287859,history,46,65,0,1
B,R1,2234,16445,mussels/3787990,history,13,65,0,1
B,R1,2237,16458,mussels/501058,history,53,65,0,1
B,R1,2243,16499,mussels/989950,history,94,65,0,1
B,R1,2257,16588,nachos/2322307,history,83,66,0,1
B,R1,2258,16594,nachos/2359350,history,12,66,0,1
B,R1,2259,16600,nachos/2550972,history,73,66,0,1
B,R1,2261,16633,nachos/2989735,history,14,66,0,1
B,R1,2263,16647,nachos/3205540,history,48,66,0,1
B,R1,2275,16723,nachos/549619,history,90,66,0,1
B,R1,2283,16810,omelette/2104947,history,74,67,0,1
B,R1,2286,16845,omelette/2572700,history,92,67,0,1
B,R1,2293,16879,omelette/3065825,history,57,67,0,1
B,R1,2298,16916,omelette/358078,history,60,67,0,1
B,R1,2299,16918,omelette/361660,history,72,67,0,1
B,R1,2310,16989,omelette/895980,history,99,67,0,1
B,R1,2312,17003,onion_rings/1089625,history,79,68,0,1
B,R1,2321,17091,onion_rings/231254,history,16,68,0,1
B,R1,2328,17129,onion_rings/2728986,history,37,68,0,1
B,R1,2333,17148,onion_rings/2989230,history,54,68,0,1
B,R1,2337,17196,onion_rings/3718013,history,39,68,0,1
B,R1,2345,17249,onion_rings/95986,history,78,68,0,1
B,R1,2348,17260,oysters/117068,history,80,69,0,1
B,R1,2349,17266,oysters/1351205,history,71,69,0,1
B,R1,2351,17282,oysters/1717597,history,3,69,0,1
B,R1,2352,17286,oysters/177000,history,9,69,0,1
B,R1,2356,17296,oysters/1959016,history,35,69,0,1
B,R1,2359,17317,oysters/2381424,history,30,69,0,1
B,R1,2385,17530,pad_thai/1471474,history,18,70,0,1
B,R1,2388,17543,pad_thai/1648608,history,42,70,0,1
B,R1,2389,17545,pad_thai/1670695,history,73,70,0,1
B,R1,2390,17553,pad_thai/1839932,history,92,70,0,1
B,R1,2397,17604,pad_thai/2462313,history,55,70,0,1
B,R1,2398,17619,pad_thai/2705200,history,26,70,0,1
B,R1,2424,17805,paella/1608190,history,58,71,0,1
B,R1,2431,17870,paella/2500393,history,5,71,0,1
B,R1,2434,17884,paella/2788093,history,31,71,0,1
B,R1,2438,17916,paella/3315746,history,16,71,0,1
B,R1,2442,17944,paella/3651460,history,47,71,0,1
B,R1,2446,17980,paella/728635,history,61,71,0,1
B,R1,2449,18032,pancakes/1465956,history,85,72,0,1
B,R1,2451,18042,pancakes/1656498,history,65,72,0,1
B,R1,2465,18145,pancakes/3136017,history,65,72,0,1
B,R1,2469,18175,pancakes/3585697,history,32,72,0,1
B,R1,2471,18182,pancakes/3629116,history,82,72,0,1
B,R1,2472,18185,pancakes/366442,history,35,72,0,1
B,R1,2487,18293,panna_cotta/1467728,history,3,73,0,1
B,R1,2490,18317,panna_cotta/1994133,history,56,73,0,1
B,R1,2491,18323,panna_cotta/2090681,history,44,73,0,1
B,R1,2496,18367,panna_cotta/276545,history,97,73,0,1
B,R1,2501,18390,panna_cotta/3042741,history,41,73,0,1
B,R1,2512,18465,panna_cotta/494714,history,66,73,0,1
B,R1,2517,18506,peking_duck/1099386,history,23,74,0,1
B,R1,2524,18530,peking_duck/1439069,history,2,74,0,1
B,R1,2526,18555,peking_duck/1962712,history,29,74,0,1
B,R1,2531,18596,peking_duck/263302,history,24,74,0,1
B,R1,2535,18666,peking_duck/337767,history,17,74,0,1
B,R1,2540,18692,peking_duck/381714,history,90,74,0,1
B,R1,2557,18815,pho/1934676,history,67,75,0,1
B,R1,2560,18843,pho/2268412,history,82,75,0,1
B,R1,2561,18850,pho/2492476,history,92,75,0,1
B,R1,2570,18900,pho/3090867,history,5,75,0,1
B,R1,2579,18967,pho/572785,history,38,75,0,1
B,R1,2583,18990,pho/919134,history,68,75,0,1
B,R1,2590,19063,pizza/1962101,history,69,76,0,1
B,R1,2595,19088,pizza/2265512,history,92,76,0,1
B,R1,2597,19120,pizza/2841536,history,5,76,0,1
B,R1,2603,19164,pizza/3581181,history,72,76,0,1
B,R1,2606,19195,pizza/418251,history,40,76,0,1
B,R1,2613,19236,pizza/852436,history,32,76,0,1
B,R1,2623,19300,pork_chop/1788532,history,46,77,0,1
B,R1,2626,19312,pork_chop/199598,history,94,77,0,1
B,R1,2638,19394,pork_chop/2918022,history,83,77,0,1
B,R1,2642,19439,pork_chop/3654558,history,86,77,0,1
B,R1,2643,19442,pork_chop/3722171,history,26,77,0,1
B,R1,2645,19453,pork_chop/3846969,history,92,77,0,1
B,R1,2654,19529,poutine/145411,history,85,78,0,1
B,R1,2657,19540,poutine/1580199,history,33,78,0,1
B,R1,2662,19589,poutine/2331434,history,59,78,0,1
B,R1,2664,19613,poutine/2624135,history,16,78,0,1
B,R1,2682,19707,poutine/442856,history,98,78,0,1
B,R1,2684,19735,poutine/756270,history,42,78,0,1
B,R1,2689,19782,prime_rib/1386254,history,44,79,0,1
B,R1,2691,19785,prime_rib/14142,history,98,79,0,1
B,R1,2694,19799,prime_rib/1560483,history,65,79,0,1
B,R1,2709,19914,prime_rib/325724,history,17,79,0,1
B,R1,2711,19930,prime_rib/3492456,history,17,79,0,1
B,R1,2719,19999,prime_rib/981860,history,22,79,0,1
B,R1,2725,20032,pulled_pork_sandwich/1395290,history,32,80,0,1
B,R1,2729,20050,pulled_pork_sandwich/1669427,history,74,80,0,1
B,R1,2734,20075,pulled_pork_sandwich/1932449,history,67,80,0,1
B,R1,2737,20110,pulled_pork_sandwich/2401760,history,100,80,0,1
B,R1,2745,20161,pulled_pork_sandwich/3346091,history,37,80,0,1
B,R1,2752,20224,pulled_pork_sandwich/791933,history,62,80,0,1
B,R1,2759,20289,ramen/1568159,history,46,81,0,1
B,R1,2760,20298,ramen/1732892,history,24,81,0,1
B,R1,2761,20302,ramen/1749540,history,62,81,0,1
B,R1,2765,20328,ramen/2294964,history,97,81,0,1
B,R1,2771,20399,ramen/326043,history,15,81,0,1
B,R1,2782,20457,ramen/513237,history,23,81,0,1
B,R1,2791,20557,ravioli/1905508,history,13,82,0,1
B,R1,2796,20600,ravioli/2533379,history,89,82,0,1
B,R1,2802,20632,ravioli/3061394,history,41,82,0,1
B,R1,2807,20655,ravioli/3272431,history,88,82,0,1
B,R1,2809,20679,ravioli/367481,history,40,82,0,1
B,R1,2810,20684,ravioli/3792918,history,3,82,0,1
B,R1,2826,20792,red_velvet_cake/1542684,history,78,83,0,1
B,R1,2832,20826,red_velvet_cake/1995585,history,31,83,0,1
B,R1,2842,20873,red_velvet_cake/2653679,history,15,83,0,1
B,R1,2844,20907,red_velvet_cake/3063395,history,48,83,0,1
B,R1,2847,20924,red_velvet_cake/3264022,history,85,83,0,1
B,R1,2853,20966,red_velvet_cake/489199,history,73,83,0,1
B,R1,2859,21012,risotto/1239465,history,100,84,0,1
B,R1,2860,21015,risotto/1321052,history,14,84,0,1
B,R1,2861,21022,risotto/1383652,history,16,84,0,1
B,R1,2862,21027,risotto/1481017,history,74,84,0,1
B,R1,2866,21051,risotto/174522,history,12,84,0,1
B,R1,2876,21119,risotto/2563326,history,20,84,0,1
B,R1,2895,21268,samosa/1333959,history,95,85,0,1
B,R1,2909,21386,samosa/2986038,history,19,85,0,1
B,R1,2910,21387,samosa/2987690,history,65,85,0,1
B,R1,2912,21401,samosa/3161833,history,0,85,0,1
B,R1,2917,21425,samosa/3508729,history,92,85,0,1
B,R1,2923,21490,samosa/878161,history,56,85,0,1
B,R1,2927,21528,sashimi/1363057,history,27,86,0,1
B,R1,2931,21555,sashimi/171737,history,73,86,0,1
B,R1,2936,21586,sashimi/2161982,history,10,86,0,1
B,R1,2945,21642,sashimi/2995174,history,43,86,0,1
B,R1,2946,21649,sashimi/3055451,history,59,86,0,1
B,R1,2955,21735,sashimi/76496,history,81,86,0,1
B,R1,2958,21753,scallops/1036780,history,72,87,0,1
B,R1,2960,21765,scallops/1262105,history,20,87,0,1
B,R1,2964,21794,scallops/1595988,history,43,87,0,1
B,R1,2968,21834,scallops/2216548,history,98,87,0,1
B,R1,2971,21852,scallops/2596535,history,99,87,0,1
B,R1,2973,21879,scallops/3078496,history,67,87,0,1
B,R1,3004,22094,seaweed_salad/2245189,history,77,88,0,1
B,R1,3005,22098,seaweed_salad/2286895,history,32,88,0,1
B,R1,3017,22182,seaweed_salad/3573108,history,69,88,0,1
B,R1,3018,22183,seaweed_salad/3605096,history,97,88,0,1
B,R1,3019,22186,seaweed_salad/3654163,history,52,88,0,1
B,R1,3024,22228,seaweed_salad/743505,history,75,88,0,1
B,R1,3029,22270,shrimp_and_grits/1259309,history,82,89,0,1
B,R1,3040,22333,shrimp_and_grits/2112899,history,26,89,0,1
B,R1,3045,22391,shrimp_and_grits/3109870,history,73,89,0,1
B,R1,3051,22444,shrimp_and_grits/386767,history,91,89,0,1
B,R1,3052,22451,shrimp_and_grits/3916890,history,75,89,0,1
B,R1,3057,22476,shrimp_and_grits/67825,history,56,89,0,1
B,R1,3067,22552,spaghetti_bolognese/1779933,history,5,90,0,1
B,R1,3074,22580,spaghetti_bolognese/2079699,history,63,90,0,1
B,R1,3085,22685,spaghetti_bolognese/3576873,history,52,90,0,1
B,R1,3090,22702,spaghetti_bolognese/3818065,history,19,90,0,1
B,R1,3091,22730,spaghetti_bolognese/665886,history,10,90,0,1
B,R1,3092,22734,spaghetti_bolognese/745513,history,24,90,0,1
B,R1,3097,22774,spaghetti_carbonara/1509906,history,2,91,0,1
B,R1,3098,22789,spaghetti_carbonara/1653307,history,30,91,0,1
B,R1,3101,22804,spaghetti_carbonara/1853583,history,24,91,0,1
B,R1,3102,22805,spaghetti_carbonara/1853721,history,72,91,0,1
B,R1,3105,22813,spaghetti_carbonara/1972846,history,36,91,0,1
B,R1,3123,22958,spaghetti_carbonara/529622,history,63,91,0,1
B,R1,3132,23015,spring_rolls/1243489,history,25,92,0,1
B,R1,3134,23023,spring_rolls/1363251,history,12,92,0,1
B,R1,3137,23055,spring_rolls/1736368,history,20,92,0,1
B,R1,3150,23153,spring_rolls/3161160,history,35,92,0,1
B,R1,3156,23178,spring_rolls/3725958,history,76,92,0,1
B,R1,3158,23183,spring_rolls/376713,history,65,92,0,1
B,R1,3164,23262,steak/1194662,history,18,93,0,1
B,R1,3179,23388,steak/3063435,history,13,93,0,1
B,R1,3182,23411,steak/3504515,history,69,93,0,1
B,R1,3189,23456,steak/595836,history,66,93,0,1
B,R1,3191,23460,steak/638678,history,16,93,0,1
B,R1,3193,23495,steak/926656,history,85,93,0,1
B,R1,3199,23525,strawberry_shortcake/1438681,history,39,94,0,1
B,R1,3203,23558,strawberry_shortcake/1850173,history,30,94,0,1
B,R1,3211,23608,strawberry_shortcake/2493635,history,89,94,0,1
B,R1,3221,23683,strawberry_shortcake/3843129,history,50,94,0,1
B,R1,3223,23708,strawberry_shortcake/602848,history,12,94,0,1
B,R1,3228,23726,strawberry_shortcake/793127,history,47,94,0,1
B,R1,3234,23804,sushi/1737849,history,30,95,0,1
B,R1,3237,23812,sushi/1855963,history,87,95,0,1
B,R1,3238,23813,sushi/185990,history,22,95,0,1
B,R1,3246,23874,sushi/2948055,history,91,95,0,1
B,R1,3252,23938,sushi/480953,history,78,95,0,1
B,R1,3259,23978,sushi/806747,history,41,95,0,1
B,R1,3275,24090,tacos/2351664,history,18,96,0,1
B,R1,3278,24109,tacos/267672,history,48,96,0,1
B,R1,3279,24112,tacos/2740719,history,33,96,0,1
B,R1,3286,24125,tacos/2914162,history,61,96,0,1
B,R1,3289,24167,tacos/3516403,history,50,96,0,1
B,R1,3292,24196,tacos/467930,history,61,96,0,1
B,R1,3316,24384,takoyaki/2820767,history,75,97,0,1
B,R1,3318,24401,takoyaki/2989505,history,16,97,0,1
B,R1,3319,24403,takoyaki/3018174,history,82,97,0,1
B,R1,3322,24421,takoyaki/332021,history,55,97,0,1
B,R1,3328,24465,takoyaki/48152,history,11,97,0,1
B,R1,3331,24494,takoyaki/853944,history,70,97,0,1
B,R1,3341,24558,tiramisu/1891971,history,49,98,0,1
B,R1,3347,24605,tiramisu/2599898,history,44,98,0,1
B,R1,3348,24613,tiramisu/2730978,history,6,98,0,1
B,R1,3352,24655,tiramisu/3346922,history,77,98,0,1
B,R1,3356,24677,tiramisu/3537459,history,36,98,0,1
B,R1,3360,24720,tiramisu/64942,history,78,98,0,1
B,R1,3370,24813,tuna_tartare/20924,history,81,99,0,1
B,R1,3372,24819,tuna_tartare/2224497,history,100,99,0,1
B,R1,3382,24885,tuna_tartare/3255995,history,88,99,0,1
B,R1,3383,24888,tuna_tartare/3273107,history,32,99,0,1
B,R1,3390,24923,tuna_tartare/3695025,history,3,99,0,1
B,R1,3392,24938,tuna_tartare/3786485,history,2,99,0,1
B,R1,3400,25021,waffles/1286272,history,10,100,0,1
B,R1,3411,25104,waffles/2321433,history,70,100,0,1
B,R1,3415,25139,waffles/2923372,history,1,100,0,1
B,R1,3417,25152,waffles/3189873,history,84,100,0,1
B,R1,3418,25156,waffles/3195715,history,53,100,0,1
B,R1,3427,25214,waffles/653680,history,45,100,0,1
B,R2,3434,25,apple_pie/1398774,E,22,0,0,1
B,R2,8,75,apple_pie/2214366,history,63,0,0,1
B,R2,15,108,apple_pie/2566460,history,64,0,0,1
B,R2,18,128,apple_pie/280007,history,79,0,0,1
B,R2,3438,130,apple_pie/2848506,E,57,0,0,1
B,R2,21,147,apple_pie/3160240,history,85,0,0,1
B,R2,26,193,apple_pie/3708762,history,62,0,0,1
B,R2,29,207,apple_pie/407267,history,27,0,0,1
B,R2,30,218,apple_pie/507349,history,87,0,0,1
B,R2,3441,225,apple_pie/688983,E,45,0,0,1
B,R2,39,280,baby_back_ribs/1427390,history,66,1,0,1
B,R2,42,307,baby_back_ribs/1811267,history,60,1,0,1
B,R2,43,312,baby_back_ribs/1873449,history,93,1,0,1
B,R2,3444,344,baby_back_ribs/2252638,E,16,1,0,1
B,R2,47,397,baby_back_ribs/2897079,history,24,1,0,1
B,R2,3446,413,baby_back_ribs/3244661,E,41,1,0,1
B,R2,52,419,baby_back_ribs/3400201,history,50,1,0,1
B,R2,3447,439,baby_back_ribs/3737603,E,49,1,0,1
B,R2,56,443,baby_back_ribs/3824491,history,71,1,0,1
B,R2,63,473,baby_back_ribs/707137,history,69,1,0,1
B,R2,70,508,baklava/1118803,history,54,2,0,1
B,R2,75,533,baklava/1392219,history,23,2,0,1
B,R2,78,540,baklava/1513651,history,24,2,0,1
B,R2,3451,541,baklava/1520628,E,90,2,0,1
B,R2,3454,580,baklava/2106469,E,63,2,0,1
B,R2,92,624,baklava/2694279,history,44,2,0,1
B,R2,3455,625,baklava/2708501,E,8,2,0,1
B,R2,97,685,baklava/356890,history,49,2,0,1
B,R2,98,703,baklava/3769622,history,98,2,0,1
B,R2,99,719,baklava/563537,history,0,2,0,1
B,R2,103,760,beef_carpaccio/1169625,history,27,3,0,1
B,R2,3458,767,beef_carpaccio/1240408,E,52,3,0,1
B,R2,105,776,beef_carpaccio/1309896,history,89,3,0,1
B,R2,3462,812,beef_carpaccio/1744946,E,34,3,0,1
B,R2,3463,844,beef_carpaccio/2125731,E,50,3,0,1
B,R2,117,879,beef_carpaccio/2649866,history,44,3,0,1
B,R2,124,916,beef_carpaccio/3186071,history,94,3,0,1
B,R2,125,918,beef_carpaccio/3213562,history,71,3,0,1
B,R2,126,925,beef_carpaccio/3289048,history,55,3,0,1
B,R2,134,967,beef_carpaccio/469347,history,84,3,0,1
B,R2,136,1005,beef_tartare/1076783,history,83,4,0,1
B,R2,140,1029,beef_tartare/143332,history,89,4,0,1
B,R2,142,1046,beef_tartare/1616444,history,43,4,0,1
B,R2,3470,1090,beef_tartare/2306967,E,75,4,0,1
B,R2,3471,1096,beef_tartare/2430031,E,48,4,0,1
B,R2,3472,1139,beef_tartare/3041165,E,82,4,0,1
B,R2,154,1151,beef_tartare/3170846,history,73,4,0,1
B,R2,157,1166,beef_tartare/3453570,history,66,4,0,1
B,R2,162,1196,beef_tartare/3733512,history,0,4,0,1
B,R2,164,1200,beef_tartare/3775382,history,76,4,0,1
B,R2,172,1265,beet_salad/1222335,history,50,5,0,1
B,R2,173,1277,beet_salad/1296407,history,39,5,0,1
B,R2,175,1293,beet_salad/149937,history,87,5,0,1
B,R2,3475,1341,beet_salad/2303156,E,3,5,0,1
B,R2,186,1375,beet_salad/2768246,history,34,5,0,1
B,R2,192,1392,beet_salad/3075892,history,98,5,0,1
B,R2,3478,1421,beet_salad/3412132,E,52,5,0,1
B,R2,197,1458,beet_salad/48219,history,42,5,0,1
B,R2,200,1478,beet_salad/738033,history,33,5,0,1
B,R2,3481,1480,beet_salad/751818,E,42,5,0,1
B,R2,208,1518,beignets/1121153,history,97,6,0,1
B,R2,211,1521,beignets/1144393,history,44,6,0,1
B,R2,212,1531,beignets/1258650,history,46,6,0,1
B,R2,3484,1570,beignets/1830896,E,77,6,0,1
B,R2,223,1622,beignets/2623397,history,44,6,0,1
B,R2,3485,1644,beignets/2894065,E,63,6,0,1
B,R2,231,1700,beignets/3835027,history,49,6,0,1
B,R2,3488,1710,beignets/48150,E,27,6,0,1
B,R2,233,1722,beignets/591164,history,74,6,0,1
B,R2,234,1730,beignets/659574,history,49,6,0,1
B,R2,244,1782,bibimbap/1316450,history,0,7,0,1
B,R2,246,1794,bibimbap/1606556,history,95,7,0,1
B,R2,248,1820,bibimbap/1911355,history,100,7,0,1
B,R2,251,1846,bibimbap/2411562,history,15,7,0,1
B,R2,3492,1850,bibimbap/2436785,E,77,7,0,1
B,R2,3493,1862,bibimbap/255065,E,59,7,0,1
B,R2,3494,1869,bibimbap/2692283,E,4,7,0,1
B,R2,254,1871,bibimbap/2716412,history,49,7,0,1
B,R2,266,1955,bibimbap/3854830,history,79,7,0,1
B,R2,268,1968,bibimbap/548018,history,93,7,0,1
B,R2,272,2019,bread_pudding/1279462,history,62,8,0,1
B,R2,3498,2032,bread_pudding/1392988,E,47,8,0,1
B,R2,278,2067,bread_pudding/1854783,history,38,8,0,1
B,R2,3499,2089,bread_pudding/2247578,E,4,8,0,1
B,R2,3500,2111,bread_pudding/2592781,E,69,8,0,1
B,R2,288,2142,bread_pudding/3039625,history,42,8,0,1
B,R2,291,2156,bread_pudding/3226078,history,44,8,0,1
B,R2,301,2232,bread_pudding/614955,history,72,8,0,1
B,R2,303,2243,bread_pudding/860149,history,54,8,0,1
B,R2,304,2245,bread_pudding/881148,history,51,8,0,1
B,R2,306,2250,breakfast_burrito/1000920,history,16,9,0,1
B,R2,309,2299,breakfast_burrito/1756648,history,34,9,0,1
B,R2,3507,2302,breakfast_burrito/1771107,E,12,9,0,1
B,R2,310,2316,breakfast_burrito/1950883,history,15,9,0,1
B,R2,317,2339,breakfast_burrito/229476,history,79,9,0,1
B,R2,3509,2346,breakfast_burrito/2327667,E,31,9,0,1
B,R2,3511,2384,breakfast_burrito/3021960,E,76,9,0,1
B,R2,333,2453,breakfast_burrito/537375,history,83,9,0,1
B,R2,334,2454,breakfast_burrito/544070,history,20,9,0,1
B,R2,336,2466,breakfast_burrito/640082,history,89,9,0,1
B,R2,344,2541,bruschetta/1902679,history,53,10,0,1
B,R2,352,2579,bruschetta/2367376,history,15,10,0,1
B,R2,354,2594,bruschetta/2497526,history,17,10,0,1
B,R2,355,2598,bruschetta/2522107,history,72,10,0,1
B,R2,3516,2627,bruschetta/2882315,E,9,10,0,1
B,R2,358,2646,bruschetta/3223,history,35,10,0,1
B,R2,363,2671,bruschetta/3625366,history,68,10,0,1
B,R2,367,2707,bruschetta/47563,history,61,10,0,1
B,R2,3520,2711,bruschetta/527422,E,28,10,0,1
B,R2,3521,2736,bruschetta/852569,E,61,10,0,1
B,R2,375,2770,caesar_salad/1439476,history,69,11,0,1
B,R2,3522,2778,caesar_salad/1505408,E,32,11,0,1
B,R2,3523,2782,caesar_salad/1560776,E,50,11,0,1
B,R2,380,2807,caesar_salad/1884208,history,58,11,0,1
B,R2,382,2811,caesar_salad/1909170,history,30,11,0,1
B,R2,3525,2821,caesar_salad/2059363,E,2,11,0,1
B,R2,390,2889,caesar_salad/2916513,history,64,11,0,1
B,R2,393,2899,caesar_salad/3140904,history,39,11,0,1
B,R2,397,2931,caesar_salad/3439225,history,62,11,0,1
B,R2,406,2979,caesar_salad/652494,history,67,11,0,1
B,R2,3530,3009,cannoli/1151563,E,17,12,0,1
B,R2,410,3015,cannoli/1227927,history,97,12,0,1
B,R2,416,3038,cannoli/144231,history,65,12,0,1
B,R2,420,3057,cannoli/1814127,history,41,12,0,1
B,R2,424,3088,cannoli/2191429,history,88,12,0,1
B,R2,427,3097,cannoli/2285438,history,54,12,0,1
B,R2,3534,3128,cannoli/2750933,E,7,12,0,1
B,R2,3535,3135,cannoli/2825251,E,42,12,0,1
B,R2,435,3205,cannoli/3897254,history,94,12,0,1
B,R2,436,3214,cannoli/548477,history,8,12,0,1
B,R2,448,3299,caprese_salad/1639585,history,38,13,0,1
B,R2,457,3375,caprese_salad/2596921,history,85,13,0,1
B,R2,462,3421,caprese_salad/3352476,history,99,13,0,1
B,R2,463,3429,caprese_salad/3532390,history,12,13,0,1
B,R2,3543,3441,caprese_salad/3753434,E,36,13,0,1
B,R2,3544,3454,caprese_salad/3909398,E,96,13,0,1
B,R2,468,3455,caprese_salad/3909913,history,0,13,0,1
B,R2,470,3464,caprese_salad/605256,history,3,13,0,1
B,R2,3545,3476,caprese_salad/709349,E,75,13,0,1
B,R2,473,3482,caprese_salad/799725,history,2,13,0,1
B,R2,476,3501,carrot_cake/1007814,history,72,14,0,1
B,R2,479,3533,carrot_cake/1463477,history,11,14,0,1
B,R2,3548,3551,carrot_cake/1753495,E,29,14,0,1
B,R2,485,3588,carrot_cake/2274125,history,55,14,0,1
B,R2,495,3652,carrot_cake/31925,history,44,14,0,1
B,R2,3552,3677,carrot_cake/3441243,E,27,14,0,1
B,R2,503,3709,carrot_cake/4161,history,42,14,0,1
B,R2,507,3734,carrot_cake/727372,history,41,14,0,1
B,R2,508,3736,carrot_cake/731847,history,71,14,0,1
B,R2,3553,3742,carrot_cake/818601,E,35,14,0,1
B,R2,511,3759,ceviche/1178403,history,75,15,0,1
B,R2,3554,3767,ceviche/1241806,E,58,15,0,1
B,R2,518,3784,ceviche/154552,history,35,15,0,1
B,R2,519,3785,ceviche/1555898,history,35,15,0,1
B,R2,527,3873,ceviche/2993073,history,33,15,0,1
B,R2,531,3906,ceviche/3484098,history,22,15,0,1
B,R2,541,3962,ceviche/59420,history,21,15,0,1
B,R2,542,3964,ceviche/597917,history,36,15,0,1
B,R2,3560,3985,ceviche/861019,E,82,15,0,1
B,R2,3561,3987,ceviche/878841,E,98,15,0,1
B,R2,545,4008,cheese_plate/111794,history,12,16,0,1
B,R2,546,4009,cheese_plate/1160663,history,86,16,0,1
B,R2,547,4021,cheese_plate/1337779,history,41,16,0,1
B,R2,3564,4036,cheese_plate/1526392,E,4,16,0,1
B,R2,552,4047,cheese_plate/1609768,history,8,16,0,1
B,R2,558,4086,cheese_plate/2415573,history,70,16,0,1
B,R2,3567,4125,cheese_plate/2852832,E,62,16,0,1
B,R2,3569,4193,cheese_plate/3818724,E,2,16,0,1
B,R2,575,4233,cheese_plate/827265,history,82,16,0,1
B,R2,577,4239,cheese_plate/878085,history,61,16,0,1
B,R2,578,4270,cheesecake/1383955,history,42,17,0,1
B,R2,580,4299,cheesecake/177866,history,87,17,0,1
B,R2,584,4326,cheesecake/210991,history,99,17,0,1
B,R2,586,4336,cheesecake/2231210,history,90,17,0,1
B,R2,590,4355,cheesecake/2438063,history,10,17,0,1
B,R2,3572,4367,cheesecake/2574796,E,48,17,0,1
B,R2,600,4417,cheesecake/3296063,history,62,17,0,1
B,R2,3575,4432,cheesecake/3519289,E,8,17,0,1
B,R2,609,4474,cheesecake/628716,history,44,17,0,1
B,R2,3576,4476,cheesecake/684738,E,86,17,0,1
B,R2,614,4514,chicken_curry/1208906,history,26,18,0,1
B,R2,617,4538,chicken_curry/1454871,history,5,18,0,1
B,R2,619,4565,chicken_curry/1777089,history,17,18,0,1
B,R2,626,4605,chicken_curry/2408036,history,26,18,0,1
B,R2,3581,4643,chicken_curry/3039770,E,45,18,0,1
B,R2,633,4651,chicken_curry/3144187,history,4,18,0,1
B,R2,3584,4684,chicken_curry/3583694,E,94,18,0,1
B,R2,639,4697,chicken_curry/3711418,history,73,18,0,1
B,R2,640,4704,chicken_curry/390080,history,58,18,0,1
B,R2,3585,4725,chicken_curry/645757,E,20,18,0,1
B,R2,652,4771,chicken_quesadilla/1326309,history,45,19,0,1
B,R2,655,4778,chicken_quesadilla/1378430,history,22,19,0,1
B,R2,657,4788,chicken_quesadilla/1558427,history,25,19,0,1
B,R2,660,4817,chicken_quesadilla/193246,history,96,19,0,1
B,R2,3589,4840,chicken_quesadilla/2161226,E,22,19,0,1
B,R2,3591,4859,chicken_quesadilla/254699,E,95,19,0,1
B,R2,666,4869,chicken_quesadilla/2707187,history,68,19,0,1
B,R2,3592,4887,chicken_quesadilla/2887131,E,21,19,0,1
B,R2,669,4894,chicken_quesadilla/2961453,history,63,19,0,1
B,R2,673,4956,chicken_quesadilla/3724560,history,61,19,0,1
B,R2,682,5009,chicken_wings/1130100,history,79,20,0,1
B,R2,3595,5089,chicken_wings/2361082,E,30,20,0,1
B,R2,688,5090,chicken_wings/2387794,history,13,20,0,1
B,R2,3597,5141,chicken_wings/31011,E,5,20,0,1
B,R2,695,5150,chicken_wings/3276721,history,61,20,0,1
B,R2,702,5170,chicken_wings/3691776,history,73,20,0,1
B,R2,706,5188,chicken_wings/3873807,history,87,20,0,1
B,R2,707,5205,chicken_wings/488252,history,32,20,0,1
B,R2,3601,5244,chicken_wings/969586,E,58,20,0,1
B,R2,713,5247,chicken_wings/982894,history,6,20,0,1
B,R2,718,5283,chocolate_cake/1596779,history,86,21,0,1
B,R2,3603,5284,chocolate_cake/1599108,E,27,21,0,1
B,R2,720,5297,chocolate_cake/1834434,history,93,21,0,1
B,R2,721,5301,chocolate_cake/1917378,history,5,21,0,1
B,R2,3604,5335,chocolate_cake/2504184,E,97,21,0,1
B,R2,726,5338,chocolate_cake/2537017,history,6,21,0,1
B,R2,734,5399,chocolate_cake/3187014,history,8,21,0,1
B,R2,3607,5424,chocolate_cake/3475144,E,7,21,0,1
B,R2,739,5450,chocolate_cake/3724636,history,60,21,0,1
B,R2,747,5499,chocolate_cake/979326,history,49,21,0,1
B,R2,748,5501,chocolate_mousse/1008451,history,89,22,0,1
B,R2,751,5514,chocolate_mousse/1206320,history,2,22,0,1
B,R2,754,5520,chocolate_mousse/1291902,history,40,22,0,1
B,R2,3611,5577,chocolate_mousse/2082174,E,10,22,0,1
B,R2,761,5582,chocolate_mousse/2123706,history,87,22,0,1
B,R2,763,5602,chocolate_mousse/2375515,history,21,22,0,1
B,R2,766,5628,chocolate_mousse/2823727,history,58,22,0,1
B,R2,3614,5679,chocolate_mousse/366049,E,87,22,0,1
B,R2,779,5737,chocolate_mousse/793639,history,71,22,0,1
B,R2,3617,5740,chocolate_mousse/844325,E,32,22,0,1
B,R2,788,5811,churros/199032,history,29,23,0,1
B,R2,792,5824,churros/2188772,history,98,23,0,1
B,R2,794,5841,churros/245301,history,60,23,0,1
B,R2,797,5874,churros/2791225,history,80,23,0,1
B,R2,799,5879,churros/3006013,history,63,23,0,1
B,R2,3622,5907,churros/3323014,E,82,23,0,1
B,R2,3623,5921,churros/3453323,E,97,23,0,1
B,R2,814,5985,churros/822977,history,19,23,0,1
B,R2,815,5988,churros/841972,history,55,23,0,1
B,R2,3625,5999,churros/982131,E,4,23,0,1
B,R2,817,6007,clam_chowder/1063260,history,67,24,0,1
B,R2,823,6057,clam_chowder/1802348,history,49,24,0,1
B,R2,827,6102,clam_chowder/2395151,history,1,24,0,1
B,R2,3627,6105,clam_chowder/2470911,E,86,24,0,1
B,R2,3629,6115,clam_chowder/2663885,E,6,24,0,1
B,R2,3630,6128,clam_chowder/2783007,E,73,24,0,1
B,R2,834,6146,clam_chowder/2969537,history,99,24,0,1
B,R2,838,6170,clam_chowder/3265861,history,86,24,0,1
B,R2,843,6222,clam_chowder/55594,history,98,24,0,1
B,R2,849,6248,clam_chowder/992088,history,69,24,0,1
B,R2,852,6276,club_sandwich/1329542,history,20,25,0,1
B,R2,3635,6301,club_sandwich/1660178,E,10,25,0,1
B,R2,855,6304,club_sandwich/1713085,history,83,25,0,1
B,R2,858,6312,club_sandwich/1806420,history,21,25,0,1
B,R2,868,6393,club_sandwich/3183674,history,82,25,0,1
B,R2,869,6412,club_sandwich/3454113,history,16,25,0,1
B,R2,3640,6423,club_sandwich/3597817,E,85,25,0,1
B,R2,873,6456,club_sandwich/504378,history,7,25,0,1
B,R2,3641,6461,club_sandwich/547794,E,99,25,0,1
B,R2,882,6491,club_sandwich/837798,history,79,25,0,1
B,R2,886,6519,crab_cakes/123352,history,29,26,0,1
B,R2,887,6525,crab_cakes/12874,history,54,26,0,1
B,R2,889,6558,crab_cakes/1762901,history,48,26,0,1
B,R2,891,6566,crab_cakes/1901626,history,8,26,0,1
B,R2,3645,6600,crab_cakes/2378769,E,83,26,0,1
B,R2,3646,6610,crab_cakes/2503030,E,41,26,0,1
B,R2,904,6692,crab_cakes/3856810,history,61,26,0,1
B,R2,3649,6715,crab_cakes/63320,E,91,26,0,1
B,R2,910,6730,crab_cakes/762518,history,29,26,0,1
B,R2,917,6749,crab_cakes/984366,history,70,26,0,1
B,R2,3651,6771,creme_brulee/1241644,E,45,27,0,1
B,R2,923,6792,creme_brulee/1524824,history,72,27,0,1
B,R2,924,6801,creme_brulee/1682511,history,66,27,0,1
B,R2,927,6826,creme_brulee/2000973,history,90,27,0,1
B,R2,931,6861,creme_brulee/2532567,history,38,27,0,1
B,R2,3653,6884,creme_brulee/291568,E,13,27,0,1
B,R2,941,6936,creme_brulee/3851497,history,83,27,0,1
B,R2,947,6977,creme_brulee/787469,history,26,27,0,1
B,R2,948,6980,creme_brulee/815204,history,73,27,0,1
B,R2,3657,6984,creme_brulee/833976,E,41,27,0,1
B,R2,952,7003,croque_madame/1045978,history,70,28,0,1
B,R2,955,7013,croque_madame/1224108,history,36,28,0,1
B,R2,957,7034,croque_madame/1462722,history,85,28,0,1
B,R2,966,7080,croque_madame/2125318,history,60,28,0,1
B,R2,3658,7105,croque_madame/2543047,E,97,28,0,1
B,R2,3659,7125,croque_madame/2875406,E,18,28,0,1
B,R2,3660,7143,croque_madame/3096525,E,52,28,0,1
B,R2,972,7156,croque_madame/3260092,history,79,28,0,1
B,R2,975,7177,croque_madame/3605252,history,65,28,0,1
B,R2,977,7205,croque_madame/490897,history,37,28,0,1
B,R2,990,7280,cup_cakes/132791,history,2,29,0,1
B,R2,3667,7286,cup_cakes/139085,E,12,29,0,1
B,R2,3668,7312,cup_cakes/188203,E,6,29,0,1
B,R2,994,7317,cup_cakes/1899360,history,11,29,0,1
B,R2,995,7323,cup_cakes/198629,history,44,29,0,1
B,R2,3670,7340,cup_cakes/2203197,E,44,29,0,1
B,R2,1000,7367,cup_cakes/2582503,history,12,29,0,1
B,R2,1006,7401,cup_cakes/315399,history,24,29,0,1
B,R2,1011,7451,cup_cakes/56108,history,20,29,0,1
B,R2,1012,7463,cup_cakes/630678,history,1,29,0,1
B,R2,1023,7525,deviled_eggs/1264489,history,53,30,0,1
B,R2,1025,7530,deviled_eggs/1320223,history,85,30,0,1
B,R2,3677,7552,deviled_eggs/16223,E,85,30,0,1
B,R2,3678,7566,deviled_eggs/174913,E,77,30,0,1
B,R2,1031,7575,deviled_eggs/1878766,history,60,30,0,1
B,R2,3680,7674,deviled_eggs/3481684,E,60,30,0,1
B,R2,1045,7693,deviled_eggs/3843087,history,53,30,0,1
B,R2,1046,7705,deviled_eggs/540033,history,35,30,0,1
B,R2,1052,7743,deviled_eggs/934456,history,23,30,0,1
B,R2,1053,7744,deviled_eggs/940366,history,20,30,0,1
B,R2,1054,7750,donuts/1006079,history,18,31,0,1
B,R2,1056,7758,donuts/1103380,history,90,31,0,1
B,R2,1071,7859,donuts/2572840,history,99,31,0,1
B,R2,1073,7881,donuts/2840499,history,78,31,0,1
B,R2,1077,7916,donuts/3296155,history,48,31,0,1
B,R2,3686,7953,donuts/482588,E,41,31,0,1
B,R2,3687,7959,donuts/520738,E,76,31,0,1
B,R2,1083,7973,donuts/719689,history,71,31,0,1
B,R2,1086,7984,donuts/799820,history,72,31,0,1
B,R2,3689,7995,donuts/917443,E,8,31,0,1
B,R2,1090,8007,dumplings/1104171,history,89,32,0,1
B,R2,1091,8011,dumplings/117231,history,62,32,0,1
B,R2,1092,8013,dumplings/1204683,history,36,32,0,1
B,R2,3690,8025,dumplings/1363887,E,59,32,0,1
B,R2,1099,8062,dumplings/1916673,history,96,32,0,1
B,R2,1103,8091,dumplings/2300950,history,61,32,0,1
B,R2,1105,8107,dumplings/2406156,history,47,32,0,1
B,R2,1116,8188,dumplings/3619519,history,1,32,0,1
B,R2,3696,8191,dumplings/3687465,E,48,32,0,1
B,R2,3697,8239,dumplings/901889,E,66,32,0,1
B,R2,1123,8257,edamame/1202767,history,97,33,0,1
B,R2,3699,8260,edamame/124755,E,18,33,0,1
B,R2,1124,8262,edamame/1266360,history,50,33,0,1
B,R2,3700,8279,edamame/1442496,E,18,33,0,1
B,R2,1129,8294,edamame/1634146,history,76,33,0,1
B,R2,3701,8319,edamame/1945493,E,71,33,0,1
B,R2,1136,8343,edamame/2285234,history,37,33,0,1
B,R2,1139,8358,edamame/2534488,history,48,33,0,1
B,R2,1143,8381,edamame/2921528,history,88,33,0,1
B,R2,1149,8436,edamame/3669870,history,26,33,0,1
B,R2,3707,8519,eggs_benedict/135566,E,12,34,0,1
B,R2,1160,8528,eggs_benedict/14222,history,72,34,0,1
B,R2,1164,8539,eggs_benedict/1566755,history,52,34,0,1
B,R2,3709,8547,eggs_benedict/1660012,E,8,34,0,1
B,R2,1171,8592,eggs_benedict/2229399,history,59,34,0,1
B,R2,1174,8646,eggs_benedict/3116511,history,79,34,0,1
B,R2,1180,8679,eggs_benedict/3596887,history,94,34,0,1
B,R2,1183,8693,eggs_benedict/3768018,history,60,34,0,1
B,R2,3712,8709,eggs_benedict/56601,E,41,34,0,1
B,R2,1188,8727,eggs_benedict/7582,history,12,34,0,1
B,R2,3715,8792,escargots/1526536,E,53,35,0,1
B,R2,1197,8802,escargots/1645015,history,7,35,0,1
B,R2,1199,8818,escargots/1902762,history,49,35,0,1
B,R2,1201,8833,escargots/2123236,history,28,35,0,1
B,R2,1210,8896,escargots/3051922,history,86,35,0,1
B,R2,3720,8897,escargots/3057366,E,51,35,0,1
B,R2,3721,8938,escargots/3583501,E,29,35,0,1
B,R2,1214,8944,escargots/3676585,history,89,35,0,1
B,R2,1219,8978,escargots/739010,history,55,35,0,1
B,R2,1222,8993,escargots/915815,history,87,35,0,1
B,R2,3723,9015,falafel/1286955,E,63,36,0,1
B,R2,3724,9016,falafel/1298533,E,100,36,0,1
B,R2,3726,9023,falafel/1399149,E,50,36,0,1
B,R2,1229,9044,falafel/1626639,history,8,36,0,1
B,R2,1231,9050,falafel/1684735,history,83,36,0,1
B,R2,1232,9059,falafel/1785678,history,100,36,0,1
B,R2,1246,9150,falafel/3073646,history,63,36,0,1
B,R2,1248,9158,falafel/3201313,history,40,36,0,1
B,R2,1249,9175,falafel/3501631,history,96,36,0,1
B,R2,1254,9223,falafel/612988,history,66,36,0,1
B,R2,3730,9287,filet_mignon/1566359,E,29,37,0,1
B,R2,3731,9288,filet_mignon/157415,E,96,37,0,1
B,R2,1264,9315,filet_mignon/2038781,history,97,37,0,1
B,R2,1271,9347,filet_mignon/2396290,history,31,37,0,1
B,R2,3734,9352,filet_mignon/242193,E,88,37,0,1
B,R2,1276,9386,filet_mignon/2802380,history,49,37,0,1
B,R2,1277,9390,filet_mignon/2837635,history,70,37,0,1
B,R2,1283,9424,filet_mignon/3358911,history,29,37,0,1
B,R2,1287,9473,filet_mignon/669754,history,69,37,0,1
B,R2,1291,9496,filet_mignon/969953,history,84,37,0,1
B,R2,3739,9553,fish_and_chips/1799327,E,87,38,0,1
B,R2,3740,9574,fish_and_chips/2011865,E,43,38,0,1
B,R2,1303,9585,fish_and_chips/2177542,history,86,38,0,1
B,R2,1305,9599,fish_and_chips/2400641,history,4,38,0,1
B,R2,1316,9667,fish_and_chips/3385498,history,5,38,0,1
B,R2,1317,9677,fish_and_chips/3550088,history,83,38,0,1
B,R2,3742,9678,fish_and_chips/3551112,E,92,38,0,1
B,R2,1319,9685,fish_and_chips/3666139,history,11,38,0,1
B,R2,1323,9713,fish_and_chips/490014,history,100,38,0,1
B,R2,1324,9741,fish_and_chips/893947,history,83,38,0,1
B,R2,3747,9780,foie_gras/1422158,E,4,39,0,1
B,R2,1331,9794,foie_gras/1639760,history,85,39,0,1
B,R2,1335,9822,foie_gras/1998632,history,89,39,0,1
B,R2,1336,9827,foie_gras/2036644,history,0,39,0,1
B,R2,1337,9833,foie_gras/2153910,history,86,39,0,1
B,R2,1344,9873,foie_gras/2756296,history,88,39,0,1
B,R2,1346,9900,foie_gras/304159,history,3,39,0,1
B,R2,3750,9912,foie_gras/3229590,E,67,39,0,1
B,R2,1355,9955,foie_gras/459405,history,0,39,0,1
B,R2,3753,9969,foie_gras/583396,E,16,39,0,1
B,R2,1369,10052,french_fries/1926251,history,0,40,0,1
B,R2,1372,10076,french_fries/2269039,history,78,40,0,1
B,R2,1377,10091,french_fries/2507866,history,24,40,0,1
B,R2,3756,10093,french_fries/2512097,E,61,40,0,1
B,R2,1378,10094,french_fries/2521012,history,60,40,0,1
B,R2,1380,10121,french_fries/2776614,history,45,40,0,1
B,R2,1383,10146,french_fries/3029784,history,15,40,0,1
B,R2,3760,10209,french_fries/48052,E,42,40,0,1
B,R2,1391,10228,french_fries/626896,history,20,40,0,1
B,R2,3761,10247,french_fries/887149,E,24,40,0,1
B,R2,1395,10259,french_onion_soup/1161976,history,4,41,0,1
B,R2,3762,10317,french_onion_soup/1959316,E,50,41,0,1
B,R2,1404,10325,french_onion_soup/2087882,history,31,41,0,1
B,R2,1406,10329,french_onion_soup/2147281,history,94,41,0,1
B,R2,1409,10345,french_onion_soup/2413334,history,18,41,0,1
B,R2,1411,10358,french_onion_soup/2646873,history,36,41,0,1
B,R2,3764,10375,french_onion_soup/2863775,E,91,41,0,1
B,R2,1415,10378,french_onion_soup/2883246,history,45,41,0,1
B,R2,3766,10414,french_onion_soup/3340565,E,15,41,0,1
B,R2,1427,10499,french_onion_soup/971884,history,31,41,0,1
B,R2,3770,10519,french_toast/1325896,E,32,42,0,1
B,R2,1433,10547,french_toast/1599636,history,27,42,0,1
B,R2,1439,10574,french_toast/2006233,history,55,42,0,1
B,R2,3773,10585,french_toast/218092,E,95,42,0,1
B,R2,1440,10588,french_toast/2217654,history,58,42,0,1
B,R2,1443,10597,french_toast/2304788,history,37,42,0,1
B,R2,1445,10599,french_toast/2338076,history,8,42,0,1
B,R2,3774,10616,french_toast/2655842,E,15,42,0,1
B,R2,1451,10648,french_toast/3152117,history,29,42,0,1
B,R2,1455,10665,french_toast/3336018,history,96,42,0,1
B,R2,1465,10776,fried_calamari/1463598,history,37,43,0,1
B,R2,3778,10785,fried_calamari/1563438,E,25,43,0,1
B,R2,1469,10796,fried_calamari/168241,history,44,43,0,1
B,R2,1474,10818,fried_calamari/2005964,history,32,43,0,1
B,R2,1477,10836,fried_calamari/2210659,history,67,43,0,1
B,R2,3781,10857,fried_calamari/2467694,E,14,43,0,1
B,R2,1483,10917,fried_calamari/3492073,history,39,43,0,1
B,R2,1493,10976,fried_calamari/733628,history,75,43,0,1
B,R2,3785,10986,fried_calamari/831978,E,24,43,0,1
B,R2,1495,10993,fried_calamari/877971,history,89,43,0,1
B,R2,1501,11043,fried_rice/1483637,history,65,44,0,1
B,R2,1507,11070,fried_rice/1865368,history,91,44,0,1
B,R2,3788,11088,fried_rice/2069340,E,90,44,0,1
B,R2,1510,11095,fried_rice/2246450,history,42,44,0,1
B,R2,1516,11124,fried_rice/2677278,history,15,44,0,1
B,R2,1517,11127,fried_rice/2701185,history,14,44,0,1
B,R2,1519,11161,fried_rice/306519,history,15,44,0,1
B,R2,1520,11176,fried_rice/331282,history,79,44,0,1
B,R2,3791,11220,fried_rice/511711,E,50,44,0,1
B,R2,3793,11247,fried_rice/931764,E,79,44,0,1
B,R2,3794,11250,frozen_yogurt/1012504,E,69,45,0,1
B,R2,1536,11329,frozen_yogurt/1942165,history,66,45,0,1
B,R2,3799,11380,frozen_yogurt/2594332,E,62,45,0,1
B,R2,1546,11388,frozen_yogurt/2750098,history,60,45,0,1
B,R2,3800,11444,frozen_yogurt/3889270,E,37,45,0,1
B,R2,1555,11456,frozen_yogurt/492846,history,19,45,0,1
B,R2,1556,11457,frozen_yogurt/498043,history,3,45,0,1
B,R2,1557,11458,frozen_yogurt/532163,history,14,45,0,1
B,R2,1561,11482,frozen_yogurt/764419,history,64,45,0,1
B,R2,1562,11483,frozen_yogurt/76788,history,88,45,0,1
B,R2,3802,11501,garlic_bread/1002804,E,16,46,0,1
B,R2,1566,11519,garlic_bread/1191360,history,37,46,0,1
B,R2,1573,11560,garlic_bread/1975916,history,95,46,0,1
B,R2,1574,11563,garlic_bread/2000079,history,0,46,0,1
B,R2,1580,11600,garlic_bread/2385546,history,63,46,0,1
B,R2,3806,11612,garlic_bread/2555013,E,29,46,0,1
B,R2,1587,11660,garlic_bread/3177101,history,61,46,0,1
B,R2,3809,11665,garlic_bread/3288265,E,22,46,0,1
B,R2,1590,11676,garlic_bread/341059,history,64,46,0,1
B,R2,1597,11745,garlic_bread/95606,history,72,46,0,1
B,R2,1604,11772,gnocchi/1368826,history,85,47,0,1
B,R2,3811,11775,gnocchi/1422701,E,16,47,0,1
B,R2,1606,11782,gnocchi/1591063,history,62,47,0,1
B,R2,3814,11839,gnocchi/2473465,E,83,47,0,1
B,R2,1615,11849,gnocchi/270052,history,79,47,0,1
B,R2,1618,11888,gnocchi/3307465,history,23,47,0,1
B,R2,1619,11909,gnocchi/3505007,history,99,47,0,1
B,R2,1624,11945,gnocchi/517992,history,42,47,0,1
B,R2,3815,11950,gnocchi/538342,E,96,47,0,1
B,R2,1631,11997,gnocchi/937655,history,7,47,0,1
B,R2,3819,12018,greek_salad/1388082,E,30,48,0,1
B,R2,1636,12049,greek_salad/1911531,history,4,48,0,1
B,R2,1640,12082,greek_salad/2263477,history,4,48,0,1
B,R2,3822,12097,greek_salad/2497364,E,20,48,0,1
B,R2,1642,12099,greek_salad/2510634,history,51,48,0,1
B,R2,1645,12142,greek_salad/3297191,history,15,48,0,1
B,R2,1647,12151,greek_salad/345273,history,98,48,0,1
B,R2,1651,12176,greek_salad/3651835,history,57,48,0,1
B,R2,1663,12236,greek_salad/829057,history,12,48,0,1
B,R2,3825,12239,greek_salad/872138,E,62,48,0,1
B,R2,1667,12254,grilled_cheese_sandwich/1052563,history,3,49,0,1
B,R2,1669,12263,grilled_cheese_sandwich/1142369,history,20,49,0,1
B,R2,1672,12283,grilled_cheese_sandwich/1475505,history,6,49,0,1
B,R2,1681,12339,grilled_cheese_sandwich/2232435,history,51,49,0,1
B,R2,1683,12345,grilled_cheese_sandwich/2302945,history,23,49,0,1
B,R2,3830,12410,grilled_cheese_sandwich/3469556,E,81,49,0,1
B,R2,3832,12452,grilled_cheese_sandwich/639941,E,46,49,0,1
B,R2,1693,12455,grilled_cheese_sandwich/657782,history,62,49,0,1
B,R2,1697,12466,grilled_cheese_sandwich/70920,history,16,49,0,1
B,R2,3833,12497,grilled_cheese_sandwich/975531,E,35,49,0,1
B,R2,3835,12524,grilled_salmon/1513374,E,9,50,0,1
B,R2,3837,12548,grilled_salmon/1787218,E,84,50,0,1
B,R2,1711,12608,grilled_salmon/272437,history,67,50,0,1
B,R2,1717,12617,grilled_salmon/2802649,history,25,50,0,1
B,R2,3840,12631,grilled_salmon/3055807,E,46,50,0,1
B,R2,1719,12658,grilled_salmon/3378123,history,29,50,0,1
B,R2,1721,12663,grilled_salmon/340473,history,53,50,0,1
B,R2,1723,12684,grilled_salmon/3643984,history,94,50,0,1
B,R2,1727,12707,grilled_salmon/3890075,history,0,50,0,1
B,R2,1731,12732,grilled_salmon/758774,history,38,50,0,1
B,R2,1738,12771,guacamole/1273421,history,26,51,0,1
B,R2,1745,12795,guacamole/1561806,history,49,51,0,1
B,R2,1748,12811,guacamole/1778722,history,44,51,0,1
B,R2,1751,12817,guacamole/1859986,history,60,51,0,1
B,R2,3843,12822,guacamole/1907549,E,79,51,0,1
B,R2,3845,12847,guacamole/2333696,E,28,51,0,1
B,R2,1757,12876,guacamole/2884459,history,66,51,0,1
B,R2,1763,12971,guacamole/595538,history,50,51,0,1
B,R2,1766,12990,guacamole/849244,history,22,51,0,1
B,R2,3849,12997,guacamole/951116,E,34,51,0,1
B,R2,3850,13002,gyoza/1055087,E,80,52,0,1
B,R2,1769,13009,gyoza/118226,history,84,52,0,1
B,R2,3854,13062,gyoza/1999956,E,97,52,0,1
B,R2,1781,13102,gyoza/26191,history,23,52,0,1
B,R2,1782,13103,gyoza/2628927,history,2,52,0,1
B,R2,1785,13111,gyoza/2730433,history,4,52,0,1
B,R2,1791,13163,gyoza/3401951,history,22,52,0,1
B,R2,3857,13232,gyoza/749681,E,74,52,0,1
B,R2,1800,13238,gyoza/824115,history,51,52,0,1
B,R2,1801,13241,gyoza/866425,history,41,52,0,1
B,R2,1802,13251,hamburger/1031616,history,67,53,0,1
B,R2,3858,13260,hamburger/1175221,E,40,53,0,1
B,R2,3859,13290,hamburger/1626383,E,16,53,0,1
B,R2,3860,13312,hamburger/2034553,E,70,53,0,1
B,R2,1811,13367,hamburger/286323,history,68,53,0,1
B,R2,1817,13395,hamburger/3244630,history,5,53,0,1
B,R2,1818,13405,hamburger/3474160,history,37,53,0,1
B,R2,1819,13410,hamburger/353298,history,7,53,0,1
B,R2,1821,13423,hamburger/3673642,history,36,53,0,1
B,R2,1822,13425,hamburger/3692315,history,73,53,0,1
B,R2,1840,13536,hot_and_sour_soup/1345463,history,60,54,0,1
B,R2,1841,13541,hot_and_sour_soup/1397042,history,11,54,0,1
B,R2,1842,13561,hot_and_sour_soup/1624423,history,27,54,0,1
B,R2,1845,13578,hot_and_sour_soup/1827703,history,90,54,0,1
B,R2,3867,13608,hot_and_sour_soup/2377753,E,37,54,0,1
B,R2,1855,13635,hot_and_sour_soup/278768,history,80,54,0,1
B,R2,1856,13645,hot_and_sour_soup/285163,history,48,54,0,1
B,R2,3869,13651,hot_and_sour_soup/2900050,E,75,54,0,1
B,R2,3870,13681,hot_and_sour_soup/3428336,E,69,54,0,1
B,R2,1865,13723,hot_and_sour_soup/579593,history,53,54,0,1
B,R2,1870,13754,hot_dog/1059903,history,18,55,0,1
B,R2,3874,13808,hot_dog/1676109,E,52,55,0,1
B,R2,1877,13809,hot_dog/1682720,history,41,55,0,1
B,R2,1879,13820,hot_dog/1824137,history,2,55,0,1
B,R2,1885,13859,hot_dog/2377577,history,22,55,0,1
B,R2,1887,13880,hot_dog/2704862,history,48,55,0,1
B,R2,1888,13888,hot_dog/2945540,history,8,55,0,1
B,R2,3878,13920,hot_dog/349375,E,99,55,0,1
B,R2,1895,13927,hot_dog/3711747,history,2,55,0,1
B,R2,3881,13992,hot_dog/917699,E,23,55,0,1
B,R2,1906,14012,huevos_rancheros/110651,history,74,56,0,1
B,R2,1908,14027,huevos_rancheros/1332235,history,90,56,0,1
B,R2,1913,14040,huevos_rancheros/1646014,history,19,56,0,1
B,R2,1924,14141,huevos_rancheros/3132633,history,86,56,0,1
B,R2,1925,14150,huevos_rancheros/3271947,history,63,56,0,1
B,R2,3885,14177,huevos_rancheros/3728936,E,10,56,0,1
B,R2,3886,14183,huevos_rancheros/3760373,E,60,56,0,1
B,R2,1932,14207,huevos_rancheros/551157,history,46,56,0,1
B,R2,3889,14230,huevos_rancheros/795296,E,79,56,0,1
B,R2,1936,14236,huevos_rancheros/822332,history,4,56,0,1
B,R2,1938,14250,hummus/1015464,history,9,57,0,1
B,R2,3891,14288,hummus/1669983,E,78,57,0,1
B,R2,3893,14324,hummus/2136015,E,37,57,0,1
B,R2,1952,14373,hummus/2955598,history,47,57,0,1
B,R2,1954,14379,hummus/3034325,history,16,57,0,1
B,R2,1957,14413,hummus/3522888,history,17,57,0,1
B,R2,1958,14415,hummus/3533807,history,10,57,0,1
B,R2,1962,14433,hummus/3741556,history,37,57,0,1
B,R2,3897,14469,hummus/692659,E,77,57,0,1
B,R2,1970,14494,hummus/929626,history,37,57,0,1
B,R2,1975,14541,ice_cream/1854234,history,41,58,0,1
B,R2,3900,14572,ice_cream/2196244,E,1,58,0,1
B,R2,1981,14584,ice_cream/2361283,history,31,58,0,1
B,R2,1983,14600,ice_cream/259699,history,66,58,0,1
B,R2,3901,14630,ice_cream/3048399,E,62,58,0,1
B,R2,1991,14643,ice_cream/3381633,history,16,58,0,1
B,R2,1994,14670,ice_cream/374902,history,37,58,0,1
B,R2,3903,14679,ice_cream/3835521,E,45,58,0,1
B,R2,2000,14721,ice_cream/660729,history,12,58,0,1
B,R2,2002,14724,ice_cream/665923,history,10,58,0,1
B,R2,3907,14806,lasagna/2111969,E,96,59,0,1
B,R2,2009,14831,lasagna/2440583,history,86,59,0,1
B,R2,2010,14839,lasagna/252461,history,41,59,0,1
B,R2,2013,14865,lasagna/2909658,history,70,59,0,1
B,R2,2019,14896,lasagna/3261672,history,24,59,0,1
B,R2,3911,14913,lasagna/3380510,E,41,59,0,1
B,R2,2027,14927,lasagna/3575185,history,56,59,0,1
B,R2,2033,14981,lasagna/712335,history,86,59,0,1
B,R2,3913,14985,lasagna/763059,E,7,59,0,1
B,R2,2035,14987,lasagna/788117,history,75,59,0,1
B,R2,3915,15015,lobster_bisque/1213453,E,92,60,0,1
B,R2,2042,15016,lobster_bisque/1235427,history,5,60,0,1
B,R2,2046,15031,lobster_bisque/140903,history,9,60,0,1
B,R2,3916,15045,lobster_bisque/1724231,E,82,60,0,1
B,R2,2049,15064,lobster_bisque/1995069,history,92,60,0,1
B,R2,2052,15070,lobster_bisque/2121689,history,52,60,0,1
B,R2,3919,15094,lobster_bisque/2382655,E,70,60,0,1
B,R2,2065,15155,lobster_bisque/3124612,history,12,60,0,1
B,R2,2067,15173,lobster_bisque/3457200,history,84,60,0,1
B,R2,2071,15230,lobster_bisque/746296,history,71,60,0,1
B,R2,2075,15257,lobster_roll_sandwich/113248,history,84,61,0,1
B,R2,3922,15276,lobster_roll_sandwich/1320062,E,9,61,0,1
B,R2,2079,15285,lobster_roll_sandwich/148607,history,54,61,0,1
B,R2,3924,15351,lobster_roll_sandwich/2208442,E,31,61,0,1
B,R2,2085,15358,lobster_roll_sandwich/2323634,history,57,61,0,1
B,R2,2090,15408,lobster_roll_sandwich/3480703,history,93,61,0,1
B,R2,2094,15426,lobster_roll_sandwich/474538,history,68,61,0,1
B,R2,3928,15470,lobster_roll_sandwich/779792,E,45,61,0,1
B,R2,2104,15479,lobster_roll_sandwich/831176,history,12,61,0,1
B,R2,2106,15486,lobster_roll_sandwich/86021,history,83,61,0,1
B,R2,2112,15529,macaroni_and_cheese/1462449,history,53,62,0,1
B,R2,2115,15565,macaroni_and_cheese/2017927,history,90,62,0,1
B,R2,2119,15582,macaroni_and_cheese/2214955,history,38,62,0,1
B,R2,3931,15594,macaroni_and_cheese/2457672,E,14,62,0,1
B,R2,3932,15601,macaroni_and_cheese/257566,E,35,62,0,1
B,R2,2123,15629,macaroni_and_cheese/2807084,history,8,62,0,1
B,R2,2128,15658,macaroni_and_cheese/3282735,history,13,62,0,1
B,R2,2131,15688,macaroni_and_cheese/3736902,history,12,62,0,1
B,R2,3936,15723,macaroni_and_cheese/663594,E,15,62,0,1
B,R2,2139,15725,macaroni_and_cheese/67714,history,42,62,0,1
B,R2,2144,15754,macarons/1047971,history,84,63,0,1
B,R2,3939,15836,macarons/2090903,E,10,63,0,1
B,R2,2160,15851,macarons/2281096,history,3,63,0,1
B,R2,3942,15902,macarons/3139539,E,50,63,0,1
B,R2,2167,15917,macarons/3323983,history,86,63,0,1
B,R2,2168,15933,macarons/3575103,history,8,63,0,1
B,R2,2169,15934,macarons/3597631,history,4,63,0,1
B,R2,2172,15954,macarons/3898867,history,55,63,0,1
B,R2,3944,15965,macarons/490112,E,90,63,0,1
B,R2,2174,15984,macarons/681305,history,84,63,0,1
B,R2,3947,16019,miso_soup/1330402,E,2,64,0,1
B,R2,2188,16082,miso_soup/2150476,history,12,64,0,1
B,R2,2189,16085,miso_soup/2205966,history,47,64,0,1
B,R2,2192,16107,miso_soup/26358,history,37,64,0,1
B,R2,3949,16109,miso_soup/2641060,E,44,64,0,1
B,R2,2195,16128,miso_soup/2867286,history,56,64,0,1
B,R2,2197,16148,miso_soup/3098102,history,14,64,0,1
B,R2,2203,16182,miso_soup/3527738,history,28,64,0,1
B,R2,2204,16189,miso_soup/3659035,history,48,64,0,1
B,R2,3952,16228,miso_soup/833468,E,70,64,0,1
B,R2,3954,16265,mussels/1329064,E,41,65,0,1
B,R2,2217,16313,mussels/2112560,history,86,65,0,1
B,R2,3956,16340,mussels/2496789,E,25,65,0,1
B,R2,2230,16392,mussels/3236371,history,84,65,0,1
B,R2,2231,16396,mussels/3274212,history,84,65,0,1
B,R2,3957,16412,mussels/3416380,E,55,65,0,1
B,R2,2232,16414,mussels/3440260,history,63,65,0,1
B,R2,2233,16443,mussels/3762302,history,68,65,0,1
B,R2,2241,16484,mussels/765547,history,1,65,0,1
B,R2,2242,16495,mussels/937800,history,12,65,0,1
B,R2,2246,16518,nachos/1206882,history,46,66,0,1
B,R2,2247,16522,nachos/1281503,history,25,66,0,1
B,R2,2248,16525,nachos/1323906,history,65,66,0,1
B,R2,2253,16547,nachos/1524752,history,72,66,0,1
B,R2,3963,16563,nachos/182335,E,38,66,0,1
B,R2,2260,16610,nachos/2688651,history,51,66,0,1
B,R2,3966,16630,nachos/2905662,E,19,66,0,1
B,R2,2262,16646,nachos/3187929,history,45,66,0,1
B,R2,3968,16661,nachos/3311135,E,1,66,0,1
B,R2,2274,16713,nachos/478723,history,83,66,0,1
B,R2,2279,16777,omelette/1471255,history,49,67,0,1
B,R2,2280,16782,omelette/1600596,history,71,67,0,1
B,R2,2284,16821,omelette/2244538,history,27,67,0,1
B,R2,2285,16822,omelette/2245283,history,10,67,0,1
B,R2,3973,16830,omelette/2335294,E,52,67,0,1
B,R2,2292,16878,omelette/3054534,history,2,67,0,1
B,R2,3975,16929,omelette/3767438,E,14,67,0,1
B,R2,2303,16945,omelette/414105,history,43,67,0,1
B,R2,2304,16948,omelette/440211,history,51,67,0,1
B,R2,3977,16993,omelette/953859,E,21,67,0,1
B,R2,2314,17015,onion_rings/1225453,history,31,68,0,1
B,R2,2317,17061,onion_rings/1969503,history,9,68,0,1
B,R2,2320,17083,onion_rings/2210928,history,62,68,0,1
B,R2,2329,17133,onion_rings/2759088,history,1,68,0,1
B,R2,2331,17140,onion_rings/2890219,history,89,68,0,1
B,R2,2332,17145,onion_rings/2936009,history,47,68,0,1
B,R2,2335,17161,onion_rings/321297,history,79,68,0,1
B,R2,3982,17163,onion_rings/327080,E,49,68,0,1
B,R2,3983,17216,onion_rings/480008,E,52,68,0,1
B,R2,3984,17220,onion_rings/524839,E,24,68,0,1
B,R2,2350,17267,oysters/1402978,history,37,69,0,1
B,R2,3987,17277,oysters/1670024,E,65,69,0,1
B,R2,3988,17309,oysters/2306539,E,76,69,0,1
B,R2,2358,17314,oysters/2324463,history,96,69,0,1
B,R2,2363,17331,oysters/2577358,history,18,69,0,1
B,R2,2365,17349,oysters/2812622,history,61,69,0,1
B,R2,3989,17368,oysters/302573,E,26,69,0,1
B,R2,2368,17375,oysters/3123913,history,49,69,0,1
B,R2,2370,17384,oysters/3205172,history,90,69,0,1
B,R2,2371,17403,oysters/34008,history,85,69,0,1
B,R2,2387,17540,pad_thai/1588419,history,7,70,0,1
B,R2,3997,17554,pad_thai/1861669,E,58,70,0,1
B,R2,3998,17572,pad_thai/2043749,E,30,70,0,1
B,R2,2393,17591,pad_thai/2232645,history,16,70,0,1
B,R2,2395,17594,pad_thai/2304419,history,23,70,0,1
B,R2,2401,17633,pad_thai/2823259,history,69,70,0,1
B,R2,2402,17636,pad_thai/2834746,history,59,70,0,1
B,R2,2403,17644,pad_thai/3001291,history,69,70,0,1
B,R2,2408,17671,pad_thai/3451204,history,47,70,0,1
B,R2,4001,17679,pad_thai/3533329,E,69,70,0,1
B,R2,4002,17762,paella/1177730,E,52,71,0,1
B,R2,2416,17774,paella/1343969,history,73,71,0,1
B,R2,2417,17781,paella/1393675,history,14,71,0,1
B,R2,4003,17799,paella/1544738,E,19,71,0,1
B,R2,2426,17826,paella/1883002,history,44,71,0,1
B,R2,2427,17828,paella/1905113,history,23,71,0,1
B,R2,2429,17840,paella/2121668,history,16,71,0,1
B,R2,4004,17850,paella/2240995,E,54,71,0,1
B,R2,2436,17904,paella/3095604,history,29,71,0,1
B,R2,2437,17912,paella/3258673,history,86,71,0,1
B,R2,2448,18028,pancakes/141132,history,11,72,0,1
B,R2,4010,18043,pancakes/1659157,E,17,72,0,1
B,R2,2453,18059,pancakes/1910561,history,49,72,0,1
B,R2,4013,18074,pancakes/2122034,E,54,72,0,1
B,R2,2454,18075,pancakes/2125146,history,51,72,0,1
B,R2,2455,18082,pancakes/2202194,history,19,72,0,1
B,R2,4015,18157,pancakes/327654,E,100,72,0,1
B,R2,2468,18170,pancakes/3518636,history,34,72,0,1
B,R2,2470,18176,pancakes/358592,history,58,72,0,1
B,R2,2480,18246,pancakes/960940,history,92,72,0,1
B,R2,2482,18250,panna_cotta/1006650,history,2,73,0,1
B,R2,2484,18260,panna_cotta/1125557,history,8,73,0,1
B,R2,2493,18333,panna_cotta/2250923,history,56,73,0,1
B,R2,4020,18363,panna_cotta/2729087,E,68,73,0,1
B,R2,2500,18387,panna_cotta/301682,history,72,73,0,1
B,R2,2503,18406,panna_cotta/3309413,history,95,73,0,1
B,R2,2506,18419,panna_cotta/346904,history,92,73,0,1
B,R2,2510,18450,panna_cotta/3816009,history,37,73,0,1
B,R2,4023,18463,panna_cotta/467863,E,72,73,0,1
B,R2,4024,18469,panna_cotta/547633,E,21,73,0,1
B,R2,2516,18504,peking_duck/1073262,history,5,74,0,1
B,R2,2518,18509,peking_duck/1152788,history,50,74,0,1
B,R2,2523,18522,peking_duck/1289660,history,49,74,0,1
B,R2,2530,18591,peking_duck/259227,history,76,74,0,1
B,R2,4028,18619,peking_duck/2903860,E,36,74,0,1
B,R2,4029,18636,peking_duck/3047927,E,50,74,0,1
B,R2,2541,18693,peking_duck/383677,history,13,74,0,1
B,R2,4033,18730,peking_duck/717728,E,92,74,0,1
B,R2,2545,18732,peking_duck/725181,history,99,74,0,1
B,R2,2546,18734,peking_duck/791296,history,48,74,0,1
B,R2,2551,18769,pho/1175334,history,8,75,0,1
B,R2,2553,18782,pho/1385019,history,74,75,0,1
B,R2,4036,18811,pho/177088,E,47,75,0,1
B,R2,2564,18861,pho/2654197,history,99,75,0,1
B,R2,4040,18883,pho/286642,E,31,75,0,1
B,R2,2567,18887,pho/2912658,history,25,75,0,1
B,R2,2568,18896,pho/3041217,history,23,75,0,1
B,R2,2571,18919,pho/3484683,history,67,75,0,1
B,R2,2581,18977,pho/753246,history,59,75,0,1
B,R2,4041,18997,pho/982022,E,13,75,0,1
B,R2,2591,19065,pizza/1983369,history,9,76,0,1
B,R2,2594,19086,pizza/2250611,history,71,76,0,1
B,R2,2596,19097,pizza/242976,history,42,76,0,1
B,R2,2599,19137,pizza/321526,history,54,76,0,1
B,R2,2604,19172,pizza/3728155,history,97,76,0,1
B,R2,4045,19189,pizza/397910,E,88,76,0,1
B,R2,4047,19199,pizza/441659,E,46,76,0,1
B,R2,2611,19232,pizza/80750,history,2,76,0,1
B,R2,4049,19238,pizza/89197,E,49,76,0,1
B,R2,2617,19245,pizza/976107,history,96,76,0,1
B,R2,2618,19264,pork_chop/1258636,history,47,77,0,1
B,R2,2624,19305,pork_chop/1875722,history,88,77,0,1
B,R2,2629,19322,pork_chop/2069332,history,66,77,0,1
B,R2,2632,19351,pork_chop/2431253,history,3,77,0,1
B,R2,2633,19356,pork_chop/2457356,history,12,77,0,1
B,R2,4053,19361,pork_chop/248505,E,57,77,0,1
B,R2,2641,19438,pork_chop/3644644,history,86,77,0,1
B,R2,4054,19449,pork_chop/3794710,E,33,77,0,1
B,R2,2649,19476,pork_chop/633194,history,18,77,0,1
B,R2,4057,19494,pork_chop/921480,E,59,77,0,1
B,R2,4058,19514,poutine/1222532,E,38,78,0,1
B,R2,4061,19564,poutine/1957430,E,70,78,0,1
B,R2,2663,19596,poutine/2385246,history,32,78,0,1
B,R2,2665,19618,poutine/268508,history,95,78,0,1
B,R2,2669,19646,poutine/3230404,history,4,78,0,1
B,R2,2670,19652,poutine/3294980,history,10,78,0,1
B,R2,4064,19656,poutine/3397477,E,97,78,0,1
B,R2,2672,19662,poutine/3524332,history,64,78,0,1
B,R2,2676,19684,poutine/37405,history,86,78,0,1
B,R2,2680,19701,poutine/3910643,history,80,78,0,1
B,R2,4066,19771,prime_rib/1208845,E,30,79,0,1
B,R2,4068,19792,prime_rib/1486276,E,93,79,0,1
B,R2,2695,19809,prime_rib/1707030,history,64,79,0,1
B,R2,2696,19818,prime_rib/1814050,history,84,79,0,1
B,R2,2697,19820,prime_rib/1822507,history,64,79,0,1
B,R2,2701,19841,prime_rib/2177744,history,19,79,0,1
B,R2,2703,19851,prime_rib/230322,history,73,79,0,1
B,R2,2705,19864,prime_rib/2596724,history,48,79,0,1
B,R2,4072,19910,prime_rib/3213578,E,98,79,0,1
B,R2,2716,19981,prime_rib/663595,history,61,79,0,1
B,R2,2724,20024,pulled_pork_sandwich/1298486,history,32,80,0,1
B,R2,4074,20045,pulled_pork_sandwich/1542373,E,22,80,0,1
B,R2,2728,20049,pulled_pork_sandwich/1658535,history,36,80,0,1
B,R2,2731,20059,pulled_pork_sandwich/1734050,history,21,80,0,1
B,R2,2732,20060,pulled_pork_sandwich/1762734,history,94,80,0,1
B,R2,2735,20082,pulled_pork_sandwich/2045698,history,26,80,0,1
B,R2,2736,20083,pulled_pork_sandwich/2049557,history,34,80,0,1
B,R2,2743,20148,pulled_pork_sandwich/3200204,history,49,80,0,1
B,R2,4077,20180,pulled_pork_sandwich/3760542,E,65,80,0,1
B,R2,4079,20218,pulled_pork_sandwich/73876,E,23,80,0,1
B,R2,4082,20280,ramen/1368561,E,21,81,0,1
B,R2,2762,20303,ramen/1761122,history,17,81,0,1
B,R2,2766,20330,ramen/2339284,history,60,81,0,1
B,R2,2767,20347,ramen/2598193,history,67,81,0,1
B,R2,2774,20408,ramen/3357303,history,95,81,0,1
B,R2,2775,20409,ramen/3402528,history,49,81,0,1
B,R2,2780,20453,ramen/503328,history,39,81,0,1
B,R2,4087,20463,ramen/568376,E,51,81,0,1
B,R2,2786,20471,ramen/624944,history,66,81,0,1
B,R2,4089,20475,ramen/663997,E,13,81,0,1
B,R2,4090,20513,ravioli/1161553,E,11,82,0,1
B,R2,2789,20518,ravioli/123454,history,46,82,0,1
B,R2,2795,20599,ravioli/252131,history,89,82,0,1
B,R2,2798,20611,ravioli/2701678,history,57,82,0,1
B,R2,2804,20642,ravioli/3133848,history,20,82,0,1
B,R2,4095,20658,ravioli/3290822,E,1,82,0,1
B,R2,4096,20663,ravioli/338268,E,7,82,0,1
B,R2,2811,20685,ravioli/3839983,history,96,82,0,1
B,R2,2816,20712,ravioli/552370,history,22,82,0,1
B,R2,2819,20727,ravioli/696508,history,75,82,0,1
B,R2,2830,20815,red_velvet_cake/1886559,history,99,83,0,1
B,R2,2833,20835,red_velvet_cake/205051,history,89,83,0,1
B,R2,2836,20848,red_velvet_cake/2289408,history,76,83,0,1
B,R2,2838,20850,red_velvet_cake/2308136,history,17,83,0,1
B,R2,2841,20870,red_velvet_cake/2623836,history,94,83,0,1
B,R2,2843,20879,red_velvet_cake/27282,history,71,83,0,1
B,R2,4102,20904,red_velvet_cake/3003866,E,11,83,0,1
B,R2,2852,20955,red_velvet_cake/3821025,history,91,83,0,1
B,R2,4104,20961,red_velvet_cake/423359,E,91,83,0,1
B,R2,4105,20995,red_velvet_cake/932787,E,12,83,0,1
B,R2,2856,21001,risotto/1035813,history,15,84,0,1
B,R2,4106,21007,risotto/1169969,E,58,84,0,1
B,R2,4107,21057,risotto/1849159,E,51,84,0,1
B,R2,2872,21085,risotto/215211,history,98,84,0,1
B,R2,2875,21118,risotto/2563230,history,70,84,0,1
B,R2,2877,21152,risotto/2982841,history,86,84,0,1
B,R2,4111,21181,risotto/3427663,E,92,84,0,1
B,R2,2882,21190,risotto/3664587,history,68,84,0,1
B,R2,2884,21199,risotto/3781789,history,68,84,0,1
B,R2,2889,21238,risotto/75664,history,71,84,0,1
B,R2,4114,21273,samosa/1453346,E,60,85,0,1
B,R2,2896,21307,samosa/2006324,history,66,85,0,1
B,R2,2900,21315,samosa/2114781,history,40,85,0,1
B,R2,2905,21353,samosa/2585723,history,74,85,0,1
B,R2,2906,21365,samosa/2756418,history,57,85,0,1
B,R2,2907,21367,samosa/278710,history,73,85,0,1
B,R2,4118,21407,samosa/3205640,E,63,85,0,1
B,R2,2919,21473,samosa/712061,history,50,85,0,1
B,R2,2921,21482,samosa/773477,history,60,85,0,1
B,R2,4121,21495,samosa/917040,E,48,85,0,1
B,R2,2924,21511,sashimi/1179352,history,29,86,0,1
B,R2,2926,21517,sashimi/1256380,history,87,86,0,1
B,R2,2928,21529,sashimi/1372033,history,53,86,0,1
B,R2,2929,21530,sashimi/1373815,history,68,86,0,1
B,R2,2935,21573,sashimi/1971784,history,16,86,0,1
B,R2,4124,21631,sashimi/2877366,E,17,86,0,1
B,R2,2948,21668,sashimi/3325306,history,8,86,0,1
B,R2,4128,21699,sashimi/3774880,E,100,86,0,1
B,R2,2956,21736,sashimi/774793,history,6,86,0,1
B,R2,4129,21748,sashimi/981801,E,90,86,0,1
B,R2,2972,21866,scallops/2853441,history,59,87,0,1
B,R2,2974,21895,scallops/3241275,history,42,87,0,1
B,R2,4132,21915,scallops/3477955,E,27,87,0,1
B,R2,4133,21928,scallops/3587621,E,75,87,0,1
B,R2,4134,21931,scallops/3621722,E,9,87,0,1
B,R2,2979,21932,scallops/3639679,history,65,87,0,1
B,R2,2981,21949,scallops/3874540,history,25,87,0,1
B,R2,2986,21970,scallops/67009,history,31,87,0,1
B,R2,2990,21980,scallops/818127,history,9,87,0,1
B,R2,2991,21998,scallops/992354,history,3,87,0,1
B,R2,2995,22013,seaweed_salad/1181277,history,68,88,0,1
B,R2,3000,22071,seaweed_salad/1926470,history,42,88,0,1
B,R2,3006,22102,seaweed_salad/2306713,history,42,88,0,1
B,R2,3007,22111,seaweed_salad/2558822,history,98,88,0,1
B,R2,3010,22133,seaweed_salad/2778105,history,18,88,0,1
B,R2,4140,22150,seaweed_salad/3030125,E,57,88,0,1
B,R2,3016,22175,seaweed_salad/3392233,history,49,88,0,1
B,R2,4143,22204,seaweed_salad/454096,E,92,88,0,1
B,R2,3021,22211,seaweed_salad/620574,history,99,88,0,1
B,R2,4144,22212,seaweed_salad/621146,E,74,88,0,1
B,R2,3027,22264,shrimp_and_grits/1190182,history,75,89,0,1
B,R2,3031,22277,shrimp_and_grits/1400608,history,3,89,0,1
B,R2,3032,22283,shrimp_and_grits/1436675,history,62,89,0,1
B,R2,4148,22287,shrimp_and_grits/1468605,E,6,89,0,1
B,R2,4149,22292,shrimp_and_grits/1511130,E,73,89,0,1
B,R2,3035,22307,shrimp_and_grits/1773331,history,7,89,0,1
B,R2,3041,22338,shrimp_and_grits/2177088,history,81,89,0,1
B,R2,3048,22426,shrimp_and_grits/3662538,history,33,89,0,1
B,R2,4152,22442,shrimp_and_grits/3840587,E,91,89,0,1
B,R2,3055,22464,shrimp_and_grits/541629,history,9,89,0,1
B,R2,3060,22506,spaghetti_bolognese/1104453,history,34,90,0,1
B,R2,3069,22563,spaghetti_bolognese/1890828,history,25,90,0,1
B,R2,3070,22568,spaghetti_bolognese/1967738,history,92,90,0,1
B,R2,3075,22588,spaghetti_bolognese/2219555,history,84,90,0,1
B,R2,4158,22597,spaghetti_bolognese/2339929,E,67,90,0,1
B,R2,4159,22639,spaghetti_bolognese/2988799,E,46,90,0,1
B,R2,4161,22651,spaghetti_bolognese/3119256,E,82,90,0,1
B,R2,3086,22691,spaghetti_bolognese/3659120,history,9,90,0,1
B,R2,3088,22694,spaghetti_bolognese/3676899,history,76,90,0,1
B,R2,3093,22748,spaghetti_bolognese/980803,history,36,90,0,1
B,R2,4162,22758,spaghetti_carbonara/1223435,E,24,91,0,1
B,R2,3096,22773,spaghetti_carbonara/1504098,history,60,91,0,1
B,R2,4164,22816,spaghetti_carbonara/199412,E,60,91,0,1
B,R2,3107,22825,spaghetti_carbonara/2100772,history,53,91,0,1
B,R2,4165,22842,spaghetti_carbonara/2317635,E,29,91,0,1
B,R2,3112,22890,spaghetti_carbonara/2916740,history,36,91,0,1
B,R2,3114,22902,spaghetti_carbonara/3111921,history,72,91,0,1
B,R2,3117,22914,spaghetti_carbonara/338113,history,57,91,0,1
B,R2,3120,22940,spaghetti_carbonara/3848327,history,52,91,0,1
B,R2,3126,22980,spaghetti_carbonara/717788,history,55,91,0,1
B,R2,4170,23016,spring_rolls/1249324,E,81,92,0,1
B,R2,3138,23060,spring_rolls/1773244,history,25,92,0,1
B,R2,3140,23080,spring_rolls/1976119,history,66,92,0,1
B,R2,3142,23104,spring_rolls/229692,history,2,92,0,1
B,R2,3145,23129,spring_rolls/2641293,history,12,92,0,1
B,R2,3149,23148,spring_rolls/3063893,history,57,92,0,1
B,R2,3151,23155,spring_rolls/327321,history,21,92,0,1
B,R2,3155,23177,spring_rolls/3708422,history,36,92,0,1
B,R2,4174,23187,spring_rolls/3818940,E,62,92,0,1
B,R2,4177,23214,spring_rolls/607852,E,16,92,0,1
B,R2,4178,23257,steak/1107549,E,62,93,0,1
B,R2,3163,23261,steak/1190808,history,33,93,0,1
B,R2,4180,23287,steak/1498778,E,37,93,0,1
B,R2,3174,23332,steak/228683,history,72,93,0,1
B,R2,3178,23385,steak/3048920,history,81,93,0,1
B,R2,4183,23406,steak/3444448,E,58,93,0,1
B,R2,3181,23409,steak/3497585,history,63,93,0,1
B,R2,3187,23452,steak/550687,history,70,93,0,1
B,R2,3188,23455,steak/565095,history,66,93,0,1
B,R2,3190,23458,steak/60819,history,72,93,0,1
B,R2,3205,23569,strawberry_shortcake/2033815,history,32,94,0,1
B,R2,4188,23580,strawberry_shortcake/2146251,E,6,94,0,1
B,R2,3209,23590,strawberry_shortcake/2256691,history,23,94,0,1
B,R2,4189,23592,strawberry_shortcake/2287415,E,36,94,0,1
B,R2,3213,23621,strawberry_shortcake/2720860,history,34,94,0,1
B,R2,3214,23626,strawberry_shortcake/2837493,history,29,94,0,1
B,R2,3219,23664,strawberry_shortcake/3519868,history,25,94,0,1
B,R2,3222,23684,strawberry_shortcake/3855819,history,29,94,0,1
B,R2,4193,23698,strawberry_shortcake/553244,E,75,94,0,1
B,R2,3225,23716,strawberry_shortcake/680745,history,74,94,0,1
B,R2,4195,23768,sushi/1230335,E,43,95,0,1
B,R2,4196,23779,sushi/137270,E,60,95,0,1
B,R2,4197,23817,sushi/1944743,E,92,95,0,1
B,R2,3241,23834,sushi/2284909,history,47,95,0,1
B,R2,3244,23858,sushi/2715127,history,18,95,0,1
B,R2,3248,23907,sushi/3416237,history,20,95,0,1
B,R2,3251,23929,sushi/3886015,history,39,95,0,1
B,R2,3253,23943,sushi/506668,history,37,95,0,1
B,R2,3257,23966,sushi/705150,history,35,95,0,1
B,R2,3261,23989,sushi/898089,history,16,95,0,1
B,R2,4202,24003,tacos/1066762,E,85,96,0,1
B,R2,4203,24011,tacos/1188477,E,57,96,0,1
B,R2,3272,24060,tacos/1983024,history,72,96,0,1
B,R2,3274,24084,tacos/2189723,history,74,96,0,1
B,R2,3282,24117,tacos/2802806,history,14,96,0,1
B,R2,3283,24119,tacos/281538,history,43,96,0,1
B,R2,3288,24152,tacos/3262270,history,1,96,0,1
B,R2,3293,24202,tacos/49803,history,47,96,0,1
B,R2,4209,24230,tacos/779193,E,68,96,0,1
B,R2,3295,24247,tacos/942465,history,41,96,0,1
B,R2,3298,24251,takoyaki/1010258,history,95,97,0,1
B,R2,4210,24256,takoyaki/1085743,E,12,97,0,1
B,R2,3301,24262,takoyaki/1122579,history,75,97,0,1
B,R2,4212,24301,takoyaki/166704,E,44,97,0,1
B,R2,3307,24317,takoyaki/1839013,history,18,97,0,1
B,R2,4214,24343,takoyaki/223796,E,23,97,0,1
B,R2,3317,24390,takoyaki/288860,history,39,97,0,1
B,R2,3321,24414,takoyaki/3242821,history,11,97,0,1
B,R2,3323,24423,takoyaki/3341016,history,5,97,0,1
B,R2,3327,24463,takoyaki/454980,history,63,97,0,1
B,R2,3337,24507,tiramisu/1136909,history,38,98,0,1
B,R2,3340,24535,tiramisu/1537803,history,38,98,0,1
B,R2,4221,24598,tiramisu/2487807,E,97,98,0,1
B,R2,3345,24603,tiramisu/256970,history,61,98,0,1
B,R2,4222,24617,tiramisu/2774659,E,2,98,0,1
B,R2,3349,24647,tiramisu/3297941,history,73,98,0,1
B,R2,4224,24648,tiramisu/3302960,E,29,98,0,1
B,R2,3350,24651,tiramisu/3315678,history,54,98,0,1
B,R2,3351,24654,tiramisu/3332651,history,42,98,0,1
B,R2,3361,24722,tiramisu/710750,history,44,98,0,1
B,R2,4226,24756,tuna_tartare/1139624,E,37,99,0,1
B,R2,4227,24799,tuna_tartare/1916357,E,44,99,0,1
B,R2,3368,24804,tuna_tartare/1959450,history,60,99,0,1
B,R2,3376,24854,tuna_tartare/2747477,history,48,99,0,1
B,R2,3378,24864,tuna_tartare/2958593,history,60,99,0,1
B,R2,3384,24892,tuna_tartare/3311172,history,21,99,0,1
B,R2,3386,24895,tuna_tartare/3341791,history,67,99,0,1
B,R2,3391,24930,tuna_tartare/3738658,history,84,99,0,1
B,R2,3399,24988,tuna_tartare/877221,history,42,99,0,1
B,R2,4232,24992,tuna_tartare/90780,E,37,99,0,1
B,R2,3402,25036,waffles/1465178,history,66,100,0,1
B,R2,3407,25083,waffles/1972144,history,46,100,0,1
B,R2,3410,25103,waffles/2314342,history,82,100,0,1
B,R2,4236,25120,waffles/2614831,E,18,100,0,1
B,R2,3421,25183,waffles/366032,history,94,100,0,1
B,R2,3422,25194,waffles/3922711,history,94,100,0,1
B,R2,3426,25211,waffles/629226,history,72,100,0,1
B,R2,3428,25227,waffles/78000,history,40,100,0,1
B,R2,4240,25233,waffles/846838,E,91,100,0,1
B,R2,4241,25244,waffles/919275,E,45,100,0,1
C,R1,5,34,apple_pie/1514110,history,92,0,0,1
C,R1,6,36,apple_pie/1578710,history,87,0,0,1
C,R1,12,67,apple_pie/2113478,history,61,0,0,1
C,R1,18,116,apple_pie/2629959,history,58,0,0,1
C,R1,25,191,apple_pie/3676950,history,27,0,0,1
C,R1,29,213,apple_pie/455977,history,15,0,0,1
C,R1,38,286,baby_back_ribs/1521817,history,46,1,0,1
C,R1,43,328,baby_back_ribs/2079486,history,71,1,0,1
C,R1,54,374,baby_back_ribs/261900,history,74,1,0,1
C,R1,60,427,baby_back_ribs/3575404,history,79,1,0,1
C,R1,61,444,baby_back_ribs/3828218,history,74,1,0,1
C,R1,64,464,baby_back_ribs/620997,history,55,1,0,1
C,R1,74,601,baklava/2446068,history,81,2,0,1
C,R1,76,631,baklava/285000,history,41,2,0,1
C,R1,79,639,baklava/3006203,history,63,2,0,1
C,R1,80,641,baklava/3044167,history,51,2,0,1
C,R1,85,669,baklava/3391167,history,92,2,0,1
C,R1,97,747,baklava/968365,history,62,2,0,1
C,R1,102,794,beef_carpaccio/158624,history,55,3,0,1
C,R1,105,837,beef_carpaccio/2082170,history,49,3,0,1
C,R1,111,869,beef_carpaccio/2527037,history,8,3,0,1
C,R1,121,945,beef_carpaccio/3601506,history,52,3,0,1
C,R1,123,957,beef_carpaccio/3824578,history,47,3,0,1
C,R1,127,982,beef_carpaccio/776057,history,33,3,0,1
C,R1,133,1004,beef_tartare/1066933,history,77,4,0,1
C,R1,139,1048,beef_tartare/1685187,history,5,4,0,1
C,R1,142,1087,beef_tartare/2265986,history,42,4,0,1
C,R1,144,1106,beef_tartare/2625114,history,91,4,0,1
C,R1,150,1160,beef_tartare/33502,history,96,4,0,1
C,R1,154,1178,beef_tartare/3587417,history,74,4,0,1
C,R1,165,1253,beet_salad/1062993,history,87,5,0,1
C,R1,179,1367,beet_salad/2705890,history,18,5,0,1
C,R1,180,1368,beet_salad/2707591,history,39,5,0,1
C,R1,184,1389,beet_salad/3024728,history,22,5,0,1
C,R1,195,1486,beet_salad/817894,history,22,5,0,1
C,R1,196,1493,beet_salad/90403,history,19,5,0,1
C,R1,204,1561,beignets/1699850,history,20,6,0,1
C,R1,208,1583,beignets/2030228,history,73,6,0,1
C,R1,214,1601,beignets/2292051,history,61,6,0,1
C,R1,218,1659,beignets/3132394,history,7,6,0,1
C,R1,219,1662,beignets/3222985,history,4,6,0,1
C,R1,223,1695,beignets/3730214,history,1,6,0,1
C,R1,241,1823,bibimbap/1995330,history,41,7,0,1
C,R1,243,1859,bibimbap/2500130,history,66,7,0,1
C,R1,248,1878,bibimbap/2803513,history,43,7,0,1
C,R1,249,1886,bibimbap/2863506,history,61,7,0,1
C,R1,255,1932,bibimbap/3512430,history,42,7,0,1
C,R1,258,1944,bibimbap/3664041,history,98,7,0,1
C,R1,269,2040,bread_pudding/1452376,history,66,8,0,1
C,R1,273,2058,bread_pudding/1721295,history,61,8,0,1
C,R1,281,2090,bread_pudding/2269077,history,100,8,0,1
C,R1,282,2093,bread_pudding/2289864,history,85,8,0,1
C,R1,285,2125,bread_pudding/2776604,history,84,8,0,1
C,R1,293,2205,bread_pudding/3775040,history,39,8,0,1
C,R1,300,2259,breakfast_burrito/1088169,history,73,9,0,1
C,R1,316,2409,breakfast_burrito/3401338,history,21,9,0,1
C,R1,317,2416,breakfast_burrito/3498884,history,94,9,0,1
C,R1,319,2436,breakfast_burrito/3812727,history,35,9,0,1
C,R1,323,2462,breakfast_burrito/588763,history,63,9,0,1
C,R1,325,2471,breakfast_burrito/679231,history,85,9,0,1
C,R1,340,2565,bruschetta/2192484,history,15,10,0,1
C,R1,346,2634,bruschetta/3053122,history,85,10,0,1
C,R1,350,2653,bruschetta/3329639,history,28,10,0,1
C,R1,354,2698,bruschetta/3909270,history,87,10,0,1
C,R1,358,2720,bruschetta/622767,history,69,10,0,1
C,R1,360,2725,bruschetta/679049,history,54,10,0,1
C,R1,364,2767,caesar_salad/1382142,history,23,11,0,1
C,R1,365,2783,caesar_salad/1560916,history,64,11,0,1
C,R1,371,2830,caesar_salad/2126034,history,8,11,0,1
C,R1,373,2839,caesar_salad/2223597,history,83,11,0,1
C,R1,374,2843,caesar_salad/2270905,history,48,11,0,1
C,R1,379,2859,caesar_salad/2528543,history,25,11,0,1
C,R1,398,3035,cannoli/1407571,history,18,12,0,1
C,R1,404,3080,cannoli/2143772,history,76,12,0,1
C,R1,407,3096,cannoli/2269480,history,36,12,0,1
C,R1,420,3169,cannoli/3447820,history,56,12,0,1
C,R1,422,3179,cannoli/3585609,history,98,12,0,1
C,R1,423,3191,cannoli/3711871,history,76,12,0,1
C,R1,433,3292,caprese_salad/1584910,history,48,13,0,1
C,R1,441,3356,caprese_salad/2323377,history,12,13,0,1
C,R1,451,3400,caprese_salad/3017805,history,99,13,0,1
C,R1,453,3407,caprese_salad/3117244,history,89,13,0,1
C,R1,457,3445,caprese_salad/3770433,history,21,13,0,1
C,R1,458,3449,caprese_salad/3815535,history,89,13,0,1
C,R1,470,3548,carrot_cake/172014,history,83,14,0,1
C,R1,476,3604,carrot_cake/2496941,history,3,14,0,1
C,R1,480,3651,carrot_cake/3192173,history,8,14,0,1
C,R1,485,3693,carrot_cake/361465,history,41,14,0,1
C,R1,489,3705,carrot_cake/3837100,history,13,14,0,1
C,R1,490,3717,carrot_cake/537530,history,92,14,0,1
C,R1,500,3786,ceviche/1561499,history,0,15,0,1
C,R1,505,3826,ceviche/2159858,history,88,15,0,1
C,R1,506,3832,ceviche/228676,history,94,15,0,1
C,R1,507,3843,ceviche/2450809,history,28,15,0,1
C,R1,517,3907,ceviche/3504331,history,44,15,0,1
C,R1,524,3970,ceviche/615087,history,29,15,0,1
C,R1,529,4010,cheese_plate/1200033,history,22,16,0,1
C,R1,533,4043,cheese_plate/1594017,history,52,16,0,1
C,R1,535,4075,cheese_plate/221429,history,96,16,0,1
C,R1,549,4166,cheese_plate/3515827,history,31,16,0,1
C,R1,551,4172,cheese_plate/3545213,history,91,16,0,1
C,R1,560,4241,cheese_plate/89108,history,69,16,0,1
C,R1,566,4288,cheesecake/171494,history,72,17,0,1
C,R1,575,4358,cheesecake/2447343,history,53,17,0,1
C,R1,582,4403,cheesecake/3097159,history,40,17,0,1
C,R1,583,4414,cheesecake/3274778,history,79,17,0,1
C,R1,590,4490,cheesecake/870163,history,66,17,0,1
C,R1,592,4497,cheesecake/996516,history,13,17,0,1
C,R1,595,4508,chicken_curry/1125163,history,2,18,0,1
C,R1,596,4515,chicken_curry/1213873,history,45,18,0,1
C,R1,599,4533,chicken_curry/1404233,history,23,18,0,1
C,R1,603,4572,chicken_curry/194828,history,41,18,0,1
C,R1,605,4588,chicken_curry/2151015,history,17,18,0,1
C,R1,618,4680,chicken_curry/3539345,history,78,18,0,1
C,R1,631,4810,chicken_quesadilla/1872009,history,71,19,0,1
C,R1,633,4822,chicken_quesadilla/1974810,history,84,19,0,1
C,R1,639,4861,chicken_quesadilla/2576097,history,22,19,0,1
C,R1,645,4910,chicken_quesadilla/3125936,history,61,19,0,1
C,R1,654,4944,chicken_quesadilla/3569781,history,9,19,0,1
C,R1,655,4954,chicken_quesadilla/3687678,history,42,19,0,1
C,R1,663,5022,chicken_wings/123447,history,85,20,0,1
C,R1,669,5060,chicken_wings/1768732,history,36,20,0,1
C,R1,675,5117,chicken_wings/2702069,history,50,20,0,1
C,R1,677,5128,chicken_wings/2864628,history,21,20,0,1
C,R1,688,5218,chicken_wings/670967,history,37,20,0,1
C,R1,692,5249,chicken_wings/997781,history,88,20,0,1
C,R1,703,5307,chocolate_cake/2029248,history,90,21,0,1
C,R1,713,5422,chocolate_cake/3452626,history,69,21,0,1
C,R1,721,5470,chocolate_cake/577909,history,43,21,0,1
C,R1,722,5473,chocolate_cake/641521,history,44,21,0,1
C,R1,723,5478,chocolate_cake/71490,history,66,21,0,1
C,R1,724,5479,chocolate_cake/719834,history,40,21,0,1
C,R1,733,5576,chocolate_mousse/20760,history,76,22,0,1
C,R1,736,5595,chocolate_mousse/2281876,history,93,22,0,1
C,R1,746,5680,chocolate_mousse/3671619,history,25,22,0,1
C,R1,750,5696,chocolate_mousse/3887915,history,75,22,0,1
C,R1,752,5705,chocolate_mousse/416688,history,76,22,0,1
C,R1,757,5742,chocolate_mousse/899470,history,32,22,0,1
C,R1,761,5758,churros/1130533,history,61,23,0,1
C,R1,769,5854,churros/256560,history,70,23,0,1
C,R1,775,5904,churros/3305924,history,52,23,0,1
C,R1,778,5926,churros/3528308,history,5,23,0,1
C,R1,781,5939,churros/3781999,history,69,23,0,1
C,R1,784,5945,churros/3847691,history,76,23,0,1
C,R1,799,6031,clam_chowder/1418012,history,78,24,0,1
C,R1,801,6053,clam_chowder/1756823,history,79,24,0,1
C,R1,804,6062,clam_chowder/1945153,history,84,24,0,1
C,R1,810,6110,clam_chowder/2583570,history,53,24,0,1
C,R1,819,6149,clam_chowder/2991930,history,6,24,0,1
C,R1,822,6207,clam_chowder/3868218,history,97,24,0,1
C,R1,830,6293,club_sandwich/1589553,history,19,25,0,1
C,R1,842,6403,club_sandwich/3334583,history,78,25,0,1
C,R1,844,6406,club_sandwich/335343,history,74,25,0,1
C,R1,847,6436,club_sandwich/3741646,history,2,25,0,1
C,R1,848,6441,club_sandwich/3826015,history,55,25,0,1
C,R1,851,6458,club_sandwich/510715,history,49,25,0,1
C,R1,859,6529,crab_cakes/1327056,history,56,26,0,1
C,R1,864,6556,crab_cakes/1742256,history,11,26,0,1
C,R1,867,6570,crab_cakes/1949301,history,77,26,0,1
C,R1,869,6589,crab_cakes/2270444,history,63,26,0,1
C,R1,883,6662,crab_cakes/3456828,history,41,26,0,1
C,R1,886,6680,crab_cakes/3633121,history,32,26,0,1
C,R1,893,6789,creme_brulee/1499772,history,0,27,0,1
C,R1,895,6816,creme_brulee/1935793,history,76,27,0,1
C,R1,899,6835,creme_brulee/216644,history,49,27,0,1
C,R1,902,6847,creme_brulee/2272244,history,76,27,0,1
C,R1,905,6857,creme_brulee/2474386,history,81,27,0,1
C,R1,908,6874,creme_brulee/273611,history,46,27,0,1
C,R1,926,7052,croque_madame/1667315,history,36,28,0,1
C,R1,930,7086,croque_madame/2187862,history,47,28,0,1
C,R1,939,7128,croque_madame/2896853,history,57,28,0,1
C,R1,940,7134,croque_madame/2986806,history,68,28,0,1
C,R1,942,7147,croque_madame/3133571,history,29,28,0,1
C,R1,954,7237,croque_madame/851392,history,84,28,0,1
C,R1,964,7283,cup_cakes/1366599,history,73,29,0,1
C,R1,969,7299,cup_cakes/158034,history,15,29,0,1
C,R1,971,7304,cup_cakes/1705910,history,6,29,0,1
C,R1,972,7308,cup_cakes/182075,history,94,29,0,1
C,R1,984,7433,cup_cakes/387433,history,23,29,0,1
C,R1,988,7458,cup_cakes/60474,history,27,29,0,1
C,R1,1001,7613,deviled_eggs/2477800,history,52,30,0,1
C,R1,1010,7668,deviled_eggs/3397262,history,82,30,0,1
C,R1,1013,7692,deviled_eggs/3842634,history,0,30,0,1
C,R1,1017,7722,deviled_eggs/673263,history,41,30,0,1
C,R1,1018,7723,deviled_eggs/682268,history,73,30,0,1
C,R1,1019,7727,deviled_eggs/735869,history,99,30,0,1
C,R1,1023,7759,donuts/111351,history,58,31,0,1
C,R1,1025,7817,donuts/2031335,history,29,31,0,1
C,R1,1036,7880,donuts/2827163,history,65,31,0,1
C,R1,1041,7905,donuts/3099444,history,87,31,0,1
C,R1,1045,7920,donuts/337060,history,36,31,0,1
C,R1,1047,7944,donuts/3845132,history,75,31,0,1
C,R1,1057,8027,dumplings/140004,history,28,32,0,1
C,R1,1066,8092,dumplings/2308151,history,29,32,0,1
C,R1,1071,8124,dumplings/2630977,history,58,32,0,1
C,R1,1072,8131,dumplings/2649672,history,56,32,0,1
C,R1,1074,8143,dumplings/2938136,history,2,32,0,1
C,R1,1086,8224,dumplings/705119,history,6,32,0,1
C,R1,1095,8300,edamame/1721784,history,43,33,0,1
C,R1,1096,8324,edamame/2042050,history,10,33,0,1
C,R1,1100,8361,edamame/2542651,history,16,33,0,1
C,R1,1101,8363,edamame/2544908,history,41,33,0,1
C,R1,1103,8366,edamame/2557084,history,39,33,0,1
C,R1,1110,8405,edamame/3174101,history,28,33,0,1
C,R1,1128,8569,eggs_benedict/1904619,history,48,34,0,1
C,R1,1130,8579,eggs_benedict/2024080,history,69,34,0,1
C,R1,1137,8624,eggs_benedict/2719946,history,100,34,0,1
C,R1,1143,8683,eggs_benedict/3634481,history,15,34,0,1
C,R1,1149,8724,eggs_benedict/719951,history,16,34,0,1
C,R1,1151,8729,eggs_benedict/768879,history,67,34,0,1
C,R1,1167,8857,escargots/2499183,history,78,35,0,1
C,R1,1175,8893,escargots/3017813,history,67,35,0,1
C,R1,1176,8922,escargots/3421713,history,89,35,0,1
C,R1,1178,8941,escargots/3618657,history,12,35,0,1
C,R1,1184,8972,escargots/680415,history,70,35,0,1
C,R1,1186,8989,escargots/878274,history,2,35,0,1
C,R1,1189,9011,falafel/1238488,history,3,36,0,1
C,R1,1198,9075,falafel/193307,history,68,36,0,1
C,R1,1200,9091,falafel/2219422,history,92,36,0,1
C,R1,1210,9173,falafel/3464997,history,16,36,0,1
C,R1,1213,9210,falafel/497988,history,41,36,0,1
C,R1,1216,9227,falafel/676581,history,97,36,0,1
C,R1,1222,9265,filet_mignon/1211967,history,7,37,0,1
C,R1,1224,9286,filet_mignon/1550262,history,23,37,0,1
C,R1,1228,9303,filet_mignon/1808465,history,67,37,0,1
C,R1,1250,9464,filet_mignon/506475,history,51,37,0,1
C,R1,1252,9486,filet_mignon/785638,history,78,37,0,1
C,R1,1253,9497,filet_mignon/982505,history,2,37,0,1
C,R1,1257,9510,fish_and_chips/1118825,history,15,38,0,1
C,R1,1267,9603,fish_and_chips/2432544,history,70,38,0,1
C,R1,1278,9661,fish_and_chips/3296215,history,85,38,0,1
C,R1,1284,9721,fish_and_chips/557843,history,30,38,0,1
C,R1,1285,9733,fish_and_chips/717291,history,97,38,0,1
C,R1,1286,9745,fish_and_chips/954741,history,29,38,0,1
C,R1,1289,9777,foie_gras/1402956,history,13,39,0,1
C,R1,1292,9806,foie_gras/1785283,history,65,39,0,1
C,R1,1295,9818,foie_gras/196467,history,82,39,0,1
C,R1,1303,9882,foie_gras/2883281,history,93,39,0,1
C,R1,1315,9959,foie_gras/504194,history,78,39,0,1
C,R1,1318,9983,foie_gras/69329,history,58,39,0,1
C,R1,1325,10064,french_fries/2050364,history,77,40,0,1
C,R1,1328,10102,french_fries/2596850,history,46,40,0,1
C,R1,1329,10108,french_fries/2661893,history,35,40,0,1
C,R1,1338,10143,french_fries/2993823,history,35,40,0,1
C,R1,1342,10165,french_fries/3317868,history,49,40,0,1
C,R1,1350,10231,french_fries/65608,history,41,40,0,1
C,R1,1360,10295,french_onion_soup/1663387,history,32,41,0,1
C,R1,1365,10381,french_onion_soup/2915262,history,16,41,0,1
C,R1,1368,10411,french_onion_soup/3299197,history,78,41,0,1
C,R1,1371,10436,french_onion_soup/3581942,history,23,41,0,1
C,R1,1374,10439,french_onion_soup/3654316,history,91,41,0,1
C,R1,1380,10457,french_onion_soup/470179,history,3,41,0,1
C,R1,1389,10521,french_toast/1354370,history,19,42,0,1
C,R1,1390,10527,french_toast/139757,history,66,42,0,1
C,R1,1394,10549,french_toast/1616220,history,53,42,0,1
C,R1,1403,10614,french_toast/2630685,history,14,42,0,1
C,R1,1408,10656,french_toast/324390,history,92,42,0,1
C,R1,1411,10687,french_toast/3700755,history,15,42,0,1
C,R1,1427,10806,fried_calamari/187882,history,73,43,0,1
C,R1,1433,10847,fried_calamari/2294819,history,21,43,0,1
C,R1,1439,10880,fried_calamari/2747085,history,63,43,0,1
C,R1,1440,10890,fried_calamari/2875639,history,17,43,0,1
C,R1,1445,10930,fried_calamari/3804293,history,94,43,0,1
C,R1,1446,10935,fried_calamari/3888518,history,25,43,0,1
C,R1,1455,11009,fried_rice/108226,history,16,44,0,1
C,R1,1464,11073,fried_rice/1874287,history,64,44,0,1
C,R1,1468,11108,fried_rice/2426857,history,16,44,0,1
C,R1,1473,11146,fried_rice/2872060,history,25,44,0,1
C,R1,1475,11157,fried_rice/301083,history,37,44,0,1
C,R1,1483,11242,fried_rice/883930,history,49,44,0,1
C,R1,1487,11270,frozen_yogurt/1332654,history,42,45,0,1
C,R1,1493,11316,frozen_yogurt/1715357,history,55,45,0,1
C,R1,1498,11357,frozen_yogurt/2306715,history,13,45,0,1
C,R1,1507,11438,frozen_yogurt/380753,history,63,45,0,1
C,R1,1510,11462,frozen_yogurt/556032,history,92,45,0,1
C,R1,1514,11491,frozen_yogurt/80499,history,30,45,0,1
C,R1,1519,11521,garlic_bread/122260,history,95,46,0,1
C,R1,1522,11528,garlic_bread/1415054,history,33,46,0,1
C,R1,1526,11576,garlic_bread/2155154,history,44,46,0,1
C,R1,1534,11638,garlic_bread/2911158,history,32,46,0,1
C,R1,1539,11672,garlic_bread/3374956,history,99,46,0,1
C,R1,1544,11713,garlic_bread/3860346,history,12,46,0,1
C,R1,1553,11778,gnocchi/1468288,history,97,47,0,1
C,R1,1557,11806,gnocchi/1892598,history,74,47,0,1
C,R1,1562,11837,gnocchi/2450762,history,45,47,0,1
C,R1,1568,11903,gnocchi/3461575,history,35,47,0,1
C,R1,1571,11931,gnocchi/3883589,history,26,47,0,1
C,R1,1575,11954,gnocchi/562495,history,20,47,0,1
C,R1,1586,12030,greek_salad/1673568,history,21,48,0,1
C,R1,1595,12100,greek_salad/2517209,history,66,48,0,1
C,R1,1605,12146,greek_salad/337582,history,73,48,0,1
C,R1,1606,12171,greek_salad/3613803,history,67,48,0,1
C,R1,1609,12185,greek_salad/3732065,history,9,48,0,1
C,R1,1612,12214,greek_salad/566141,history,18,48,0,1
C,R1,1618,12264,grilled_cheese_sandwich/114851,history,75,49,0,1
C,R1,1629,12330,grilled_cheese_sandwich/2092197,history,44,49,0,1
C,R1,1634,12392,grilled_cheese_sandwich/3021628,history,12,49,0,1
C,R1,1642,12447,grilled_cheese_sandwich/614830,history,16,49,0,1
C,R1,1647,12485,grilled_cheese_sandwich/828839,history,81,49,0,1
C,R1,1648,12486,grilled_cheese_sandwich/831941,history,43,49,0,1
C,R1,1655,12551,grilled_salmon/1869707,history,58,50,0,1
C,R1,1662,12601,grilled_salmon/2590751,history,27,50,0,1
C,R1,1666,12638,grilled_salmon/311598,history,11,50,0,1
C,R1,1671,12667,grilled_salmon/3444829,history,86,50,0,1
C,R1,1677,12713,grilled_salmon/466047,history,48,50,0,1
C,R1,1679,12723,grilled_salmon/609352,history,69,50,0,1
C,R1,1686,12774,guacamole/1302222,history,60,51,0,1
C,R1,1689,12790,guacamole/1479531,history,52,51,0,1
C,R1,1696,12864,guacamole/2627248,history,54,51,0,1
C,R1,1705,12905,guacamole/3244541,history,81,51,0,1
C,R1,1707,12924,guacamole/3483970,history,60,51,0,1
C,R1,1708,12931,guacamole/3568603,history,14,51,0,1
C,R1,1718,13024,gyoza/1424023,history,41,52,0,1
C,R1,1720,13036,gyoza/157838,history,77,52,0,1
C,R1,1721,13040,gyoza/1643308,history,45,52,0,1
C,R1,1728,13087,gyoza/2370239,history,9,52,0,1
C,R1,1739,13157,gyoza/3295482,history,33,52,0,1
C,R1,1748,13237,gyoza/822864,history,65,52,0,1
C,R1,1752,13280,hamburger/1455172,history,30,53,0,1
C,R1,1764,13354,hamburger/2710550,history,75,53,0,1
C,R1,1765,13357,hamburger/2745577,history,5,53,0,1
C,R1,1768,13380,hamburger/3028531,history,25,53,0,1
C,R1,1769,13387,hamburger/314426,history,90,53,0,1
C,R1,1771,13419,hamburger/3606601,history,3,53,0,1
C,R1,1782,13508,hot_and_sour_soup/1071376,history,36,54,0,1
C,R1,1783,13511,hot_and_sour_soup/1096438,history,40,54,0,1
C,R1,1784,13514,hot_and_sour_soup/1134579,history,15,54,0,1
C,R1,1785,13520,hot_and_sour_soup/119171,history,33,54,0,1
C,R1,1788,13550,hot_and_sour_soup/1544940,history,100,54,0,1
C,R1,1812,13727,hot_and_sour_soup/607274,history,96,54,0,1
C,R1,1815,13752,hot_dog/1055689,history,59,55,0,1
C,R1,1819,13781,hot_dog/1344141,history,38,55,0,1
C,R1,1821,13790,hot_dog/1436057,history,18,55,0,1
C,R1,1837,13934,hot_dog/3782895,history,97,55,0,1
C,R1,1839,13939,hot_dog/3844876,history,56,55,0,1
C,R1,1841,13947,hot_dog/397466,history,79,55,0,1
C,R1,1848,14018,huevos_rancheros/1254396,history,9,56,0,1
C,R1,1849,14021,huevos_rancheros/1266399,history,100,56,0,1
C,R1,1850,14022,huevos_rancheros/1267994,history,44,56,0,1
C,R1,1853,14043,huevos_rancheros/1680819,history,63,56,0,1
C,R1,1855,14050,huevos_rancheros/1753712,history,23,56,0,1
C,R1,1875,14224,huevos_rancheros/71240,history,91,56,0,1
C,R1,1891,14360,hummus/2761502,history,14,57,0,1
C,R1,1896,14380,hummus/3042472,history,15,57,0,1
C,R1,1897,14394,hummus/3256990,history,89,57,0,1
C,R1,1898,14404,hummus/3408825,history,95,57,0,1
C,R1,1900,14410,hummus/3501668,history,65,57,0,1
C,R1,1910,14480,hummus/840514,history,39,57,0,1
C,R1,1918,14536,ice_cream/1764067,history,79,58,0,1
C,R1,1926,14593,ice_cream/2454167,history,75,58,0,1
C,R1,1933,14663,ice_cream/3680697,history,41,58,0,1
C,R1,1936,14671,ice_cream/3754230,history,64,58,0,1
C,R1,1941,14702,ice_cream/532112,history,13,58,0,1
C,R1,1944,14716,ice_cream/637627,history,63,58,0,1
C,R1,1947,14754,lasagna/1156225,history,18,59,0,1
C,R1,1959,14833,lasagna/2467378,history,75,59,0,1
C,R1,1961,14844,lasagna/2559384,history,21,59,0,1
C,R1,1966,14878,lasagna/3066910,history,81,59,0,1
C,R1,1974,14954,lasagna/3832632,history,89,59,0,1
C,R1,1976,14971,lasagna/553010,history,97,59,0,1
C,R1,1982,15024,lobster_bisque/1296301,history,75,60,0,1
C,R1,1984,15041,lobster_bisque/167459,history,22,60,0,1
C,R1,1995,15137,lobster_bisque/2942465,history,55,60,0,1
C,R1,2003,15181,lobster_bisque/350149,history,5,60,0,1
C,R1,2010,15231,lobster_bisque/762498,history,24,60,0,1
C,R1,2011,15242,lobster_bisque/88083,history,43,60,0,1
C,R1,2016,15265,lobster_roll_sandwich/1232616,history,46,61,0,1
C,R1,2019,15279,lobster_roll_sandwich/136687,history,3,61,0,1
C,R1,2020,15282,lobster_roll_sandwich/142641,history,70,61,0,1
C,R1,2034,15390,lobster_roll_sandwich/2835000,history,28,61,0,1
C,R1,2035,15403,lobster_roll_sandwich/3071312,history,95,61,0,1
C,R1,2038,15418,lobster_roll_sandwich/3886553,history,51,61,0,1
C,R1,2046,15502,macaroni_and_cheese/104560,history,25,62,0,1
C,R1,2049,15546,macaroni_and_cheese/1825607,history,52,62,0,1
C,R1,2055,15605,macaroni_and_cheese/2609750,history,8,62,0,1
C,R1,2057,15617,macaroni_and_cheese/2708677,history,80,62,0,1
C,R1,2072,15698,macaroni_and_cheese/3918946,history,25,62,0,1
C,R1,2074,15706,macaroni_and_cheese/502428,history,8,62,0,1
C,R1,2081,15758,macarons/1060159,history,43,63,0,1
C,R1,2083,15783,macarons/1463467,history,79,63,0,1
C,R1,2089,15833,macarons/2059468,history,47,63,0,1
C,R1,2091,15846,macarons/2188286,history,56,63,0,1
C,R1,2096,15909,macarons/3193693,history,38,63,0,1
C,R1,2102,15929,macarons/3540149,history,79,63,0,1
C,R1,2119,16044,miso_soup/1708571,history,12,64,0,1
C,R1,2124,16068,miso_soup/1991766,history,99,64,0,1
C,R1,2126,16090,miso_soup/2296769,history,80,64,0,1
C,R1,2134,16169,miso_soup/333969,history,59,64,0,1
C,R1,2136,16183,miso_soup/3577935,history,34,64,0,1
C,R1,2137,16186,miso_soup/3619222,history,41,64,0,1
C,R1,2152,16298,mussels/1896082,history,26,65,0,1
C,R1,2155,16310,mussels/2099188,history,74,65,0,1
C,R1,2158,16333,mussels/2386310,history,40,65,0,1
C,R1,2163,16377,mussels/306558,history,27,65,0,1
C,R1,2168,16419,mussels/3509829,history,50,65,0,1
C,R1,2176,16483,mussels/7625,history,43,65,0,1
C,R1,2186,16560,nachos/1758685,history,84,66,0,1
C,R1,2191,16589,nachos/2322541,history,4,66,0,1
C,R1,2193,16603,nachos/2592053,history,34,66,0,1
C,R1,2197,16623,nachos/2842962,history,55,66,0,1
C,R1,2202,16672,nachos/3416560,history,64,66,0,1
C,R1,2203,16678,nachos/3458201,history,75,66,0,1
C,R1,2218,16793,omelette/1731481,history,16,67,0,1
C,R1,2219,16801,omelette/1941692,history,48,67,0,1
C,R1,2220,16804,omelette/1979759,history,0,67,0,1
C,R1,2223,16823,omelette/2261779,history,0,67,0,1
C,R1,2226,16836,omelette/2470642,history,13,67,0,1
C,R1,2228,16857,omelette/275469,history,45,67,0,1
C,R1,2255,17073,onion_rings/2083469,history,100,68,0,1
C,R1,2260,17095,onion_rings/2343572,history,73,68,0,1
C,R1,2263,17138,onion_rings/2831742,history,22,68,0,1
C,R1,2268,17178,onion_rings/3419640,history,5,68,0,1
C,R1,2270,17197,onion_rings/3734296,history,32,68,0,1
C,R1,2274,17229,onion_rings/63624,history,43,68,0,1
C,R1,2277,17256,oysters/1074876,history,41,69,0,1
C,R1,2282,17279,oysters/168218,history,56,69,0,1
C,R1,2285,17312,oysters/2312104,history,25,69,0,1
C,R1,2292,17377,oysters/3144306,history,88,69,0,1
C,R1,2294,17386,oysters/3219494,history,45,69,0,1
C,R1,2295,17389,oysters/3245460,history,57,69,0,1
C,R1,2331,17682,pad_thai/361647,history,95,70,0,1
C,R1,2333,17686,pad_thai/3683120,history,43,70,0,1
C,R1,2334,17688,pad_thai/3741808,history,41,70,0,1
C,R1,2335,17691,pad_thai/3794322,history,28,70,0,1
C,R1,2341,17732,pad_thai/726104,history,31,70,0,1
C,R1,2342,17737,pad_thai/766885,history,63,70,0,1
C,R1,2352,17824,paella/1872496,history,8,71,0,1
C,R1,2355,17851,paella/227952,history,90,71,0,1
C,R1,2363,17934,paella/3492231,history,3,71,0,1
C,R1,2370,17967,paella/561416,history,74,71,0,1
C,R1,2371,17970,paella/600484,history,20,71,0,1
C,R1,2375,17997,paella/933610,history,97,71,0,1
C,R1,2378,18012,pancakes/1151338,history,61,72,0,1
C,R1,2385,18063,pancakes/1950399,history,46,72,0,1
C,R1,2392,18120,pancakes/2715160,history,35,72,0,1
C,R1,2394,18140,pancakes/3074950,history,86,72,0,1
C,R1,2395,18159,pancakes/3330183,history,38,72,0,1
C,R1,2406,18225,pancakes/659933,history,8,72,0,1
C,R1,2416,18306,panna_cotta/1662626,history,89,73,0,1
C,R1,2418,18309,panna_cotta/1742937,history,54,73,0,1
C,R1,2420,18318,panna_cotta/2002510,history,58,73,0,1
C,R1,2426,18389,panna_cotta/304206,history,27,73,0,1
C,R1,2429,18405,panna_cotta/3306805,history,61,73,0,1
C,R1,2438,18477,panna_cotta/731863,history,38,73,0,1
C,R1,2450,18569,peking_duck/2205013,history,81,74,0,1
C,R1,2452,18579,peking_duck/2383763,history,70,74,0,1
C,R1,2456,18592,peking_duck/259331,history,28,74,0,1
C,R1,2458,18613,peking_duck/285439,history,30,74,0,1
C,R1,2463,18656,peking_duck/324670,history,7,74,0,1
C,R1,2471,18725,peking_duck/669432,history,87,74,0,1
C,R1,2478,18781,pho/1337076,history,86,75,0,1
C,R1,2482,18821,pho/2063686,history,89,75,0,1
C,R1,2484,18841,pho/2249279,history,26,75,0,1
C,R1,2486,18844,pho/2286575,history,11,75,0,1
C,R1,2499,18954,pho/446280,history,38,75,0,1
C,R1,2505,18985,pho/859210,history,58,75,0,1
C,R1,2521,19090,pizza/2296393,history,55,76,0,1
C,R1,2526,19132,pizza/3042459,history,60,76,0,1
C,R1,2527,19135,pizza/309892,history,94,76,0,1
C,R1,2530,19140,pizza/324942,history,50,76,0,1
C,R1,2532,19160,pizza/346091,history,100,76,0,1
C,R1,2540,19249,pizza/998005,history,61,76,0,1
C,R1,2546,19287,pork_chop/154376,history,92,77,0,1
C,R1,2549,19308,pork_chop/1915412,history,61,77,0,1
C,R1,2553,19321,pork_chop/2066860,history,92,77,0,1
C,R1,2555,19341,pork_chop/2301250,history,72,77,0,1
C,R1,2564,19422,pork_chop/3384863,history,85,77,0,1
C,R1,2570,19484,pork_chop/728629,history,68,77,0,1
C,R1,2579,19545,poutine/1687526,history,0,78,0,1
C,R1,2583,19558,poutine/1891405,history,64,78,0,1
C,R1,2592,19624,poutine/278972,history,70,78,0,1
C,R1,2593,19632,poutine/29927,history,56,78,0,1
C,R1,2594,19655,poutine/3370971,history,36,78,0,1
C,R1,2599,19721,poutine/601600,history,46,78,0,1
C,R1,2607,19752,prime_rib/102813,history,5,79,0,1
C,R1,2614,19827,prime_rib/191152,history,42,79,0,1
C,R1,2617,19845,prime_rib/224710,history,94,79,0,1
C,R1,2620,19856,prime_rib/2382379,history,93,79,0,1
C,R1,2621,19860,prime_rib/2490509,history,8,79,0,1
C,R1,2635,19936,prime_rib/3560897,history,21,79,0,1
C,R1,2642,20017,pulled_pork_sandwich/1209856,history,0,80,0,1
C,R1,2653,20084,pulled_pork_sandwich/2068609,history,31,80,0,1
C,R1,2655,20093,pulled_pork_sandwich/2145477,history,41,80,0,1
C,R1,2656,20113,pulled_pork_sandwich/2440368,history,17,80,0,1
C,R1,2658,20118,pulled_pork_sandwich/2495125,history,84,80,0,1
C,R1,2667,20209,pulled_pork_sandwich/657302,history,23,80,0,1
C,R1,2675,20272,ramen/1216361,history,92,81,0,1
C,R1,2682,20315,ramen/1968036,history,12,81,0,1
C,R1,2684,20322,ramen/2100611,history,72,81,0,1
C,R1,2698,20465,ramen/586235,history,85,81,0,1
C,R1,2699,20466,ramen/58744,history,85,81,0,1
C,R1,2702,20493,ramen/865955,history,48,81,0,1
C,R1,2709,20524,ravioli/1315169,history,45,82,0,1
C,R1,2714,20552,ravioli/1875018,history,97,82,0,1
C,R1,2717,20586,ravioli/2294025,history,15,82,0,1
C,R1,2723,20607,ravioli/2623729,history,42,82,0,1
C,R1,2728,20671,ravioli/3504094,history,36,82,0,1
C,R1,2731,20700,ravioli/415555,history,88,82,0,1
C,R1,2752,20833,red_velvet_cake/203014,history,7,83,0,1
C,R1,2755,20871,red_velvet_cake/2629187,history,88,83,0,1
C,R1,2760,20899,red_velvet_cake/2973527,history,28,83,0,1
C,R1,2761,20905,red_velvet_cake/3033543,history,95,83,0,1
C,R1,2766,20962,red_velvet_cake/459082,history,34,83,0,1
C,R1,2767,20963,red_velvet_cake/481001,history,81,83,0,1
C,R1,2778,21040,risotto/1655761,history,24,84,0,1
C,R1,2787,21112,risotto/2515869,history,51,84,0,1
C,R1,2791,21146,risotto/2865792,history,78,84,0,1
C,R1,2792,21150,risotto/2951103,history,93,84,0,1
C,R1,2795,21176,risotto/3211406,history,17,84,0,1
C,R1,2801,21213,risotto/483749,history,28,84,0,1
C,R1,2809,21282,samosa/1583992,history,11,85,0,1
C,R1,2810,21291,samosa/1731397,history,52,85,0,1
C,R1,2812,21303,samosa/195766,history,44,85,0,1
C,R1,2814,21306,samosa/1997247,history,29,85,0,1
C,R1,2816,21318,samosa/2137689,history,27,85,0,1
C,R1,2822,21355,samosa/2620934,history,86,85,0,1
C,R1,2838,21507,sashimi/1109903,history,40,86,0,1
C,R1,2839,21509,sashimi/1149771,history,58,86,0,1
C,R1,2844,21557,sashimi/1726059,history,3,86,0,1
C,R1,2848,21598,sashimi/2296191,history,65,86,0,1
C,R1,2856,21661,sashimi/3170341,history,56,86,0,1
C,R1,2868,21744,sashimi/860294,history,81,86,0,1
C,R1,2877,21801,scallops/168411,history,5,87,0,1
C,R1,2886,21885,scallops/3130114,history,92,87,0,1
C,R1,2889,21905,scallops/3399093,history,48,87,0,1
C,R1,2893,21919,scallops/3503538,history,25,87,0,1
C,R1,2896,21925,scallops/3557461,history,42,87,0,1
C,R1,2897,21930,scallops/3609990,history,13,87,0,1
C,R1,2907,22034,seaweed_salad/1380296,history,61,88,0,1
C,R1,2909,22045,seaweed_salad/1513162,history,8,88,0,1
C,R1,2921,22128,seaweed_salad/2706528,history,28,88,0,1
C,R1,2924,22146,seaweed_salad/2995708,history,84,88,0,1
C,R1,2926,22155,seaweed_salad/317193,history,51,88,0,1
C,R1,2936,22240,seaweed_salad/91368,history,97,88,0,1
C,R1,2943,22297,shrimp_and_grits/1585574,history,76,89,0,1
C,R1,2944,22300,shrimp_and_grits/1649094,history,95,89,0,1
C,R1,2945,22302,shrimp_and_grits/1681600,history,48,89,0,1
C,R1,2953,22368,shrimp_and_grits/281671,history,42,89,0,1
C,R1,2963,22456,shrimp_and_grits/457159,history,50,89,0,1
C,R1,2968,22490,shrimp_and_grits/89972,history,41,89,0,1
C,R1,2971,22516,spaghetti_bolognese/1244357,history,63,90,0,1
C,R1,2977,22557,spaghetti_bolognese/183958,history,81,90,0,1
C,R1,2984,22610,spaghetti_bolognese/2552612,history,6,90,0,1
C,R1,2985,22628,spaghetti_bolognese/2819261,history,55,90,0,1
C,R1,2991,22668,spaghetti_bolognese/3324010,history,8,90,0,1
C,R1,2999,22710,spaghetti_bolognese/396511,history,39,90,0,1
C,R1,3004,22767,spaghetti_carbonara/1349091,history,11,91,0,1
C,R1,3008,22792,spaghetti_carbonara/1701935,history,61,91,0,1
C,R1,3012,22829,spaghetti_carbonara/2175760,history,14,91,0,1
C,R1,3014,22833,spaghetti_carbonara/2221183,history,32,91,0,1
C,R1,3019,22866,spaghetti_carbonara/2608607,history,52,91,0,1
C,R1,3032,22963,spaghetti_carbonara/557377,history,79,91,0,1
C,R1,3045,23095,spring_rolls/2204266,history,65,92,0,1
C,R1,3047,23115,spring_rolls/2439594,history,63,92,0,1
C,R1,3058,23176,spring_rolls/367889,history,43,92,0,1
C,R1,3059,23184,spring_rolls/3772788,history,82,92,0,1
C,R1,3061,23197,spring_rolls/424799,history,18,92,0,1
C,R1,3068,23245,spring_rolls/949343,history,98,92,0,1
C,R1,3075,23298,steak/1778186,history,72,93,0,1
C,R1,3082,23352,steak/2685931,history,86,93,0,1
C,R1,3085,23382,steak/3013185,history,74,93,0,1
C,R1,3086,23392,steak/3137334,history,65,93,0,1
C,R1,3089,23417,steak/36042,history,78,93,0,1
C,R1,3097,23484,steak/864661,history,36,93,0,1
C,R1,3112,23597,strawberry_shortcake/2333211,history,47,94,0,1
C,R1,3113,23601,strawberry_shortcake/23881,history,28,94,0,1
C,R1,3114,23640,strawberry_shortcake/3042994,history,24,94,0,1
C,R1,3120,23680,strawberry_shortcake/3734465,history,100,94,0,1
C,R1,3121,23687,strawberry_shortcake/3905305,history,95,94,0,1
C,R1,3131,23737,strawberry_shortcake/844054,history,63,94,0,1
C,R1,3136,23789,sushi/1541594,history,86,95,0,1
C,R1,3140,23832,sushi/2274102,history,100,95,0,1
C,R1,3141,23838,sushi/2311966,history,88,95,0,1
C,R1,3144,23849,sushi/2582934,history,45,95,0,1
C,R1,3164,23972,sushi/72304,history,55,95,0,1
C,R1,3166,23990,sushi/909848,history,76,95,0,1
C,R1,3173,24030,tacos/1498055,history,64,96,0,1
C,R1,3180,24086,tacos/2210876,history,87,96,0,1
C,R1,3185,24135,tacos/3063137,history,73,96,0,1
C,R1,3186,24142,tacos/3177140,history,25,96,0,1
C,R1,3196,24195,tacos/452755,history,43,96,0,1
C,R1,3198,24222,tacos/676156,history,83,96,0,1
C,R1,3202,24255,takoyaki/1055534,history,65,97,0,1
C,R1,3213,24328,takoyaki/2041578,history,32,97,0,1
C,R1,3216,24352,takoyaki/2344460,history,13,97,0,1
C,R1,3218,24355,takoyaki/2359261,history,63,97,0,1
C,R1,3229,24470,takoyaki/529112,history,19,97,0,1
C,R1,3231,24478,takoyaki/684789,history,80,97,0,1
C,R1,3239,24534,tiramisu/152790,history,99,98,0,1
C,R1,3242,24550,tiramisu/175106,history,4,98,0,1
C,R1,3246,24576,tiramisu/2097382,history,50,98,0,1
C,R1,3255,24643,tiramisu/3268935,history,33,98,0,1
C,R1,3258,24670,tiramisu/3491407,history,47,98,0,1
C,R1,3260,24695,tiramisu/3810955,history,17,98,0,1
C,R1,3273,24791,tuna_tartare/1719721,history,46,99,0,1
C,R1,3280,24842,tuna_tartare/2611946,history,41,99,0,1
C,R1,3281,24851,tuna_tartare/2714520,history,47,99,0,1
C,R1,3296,24981,tuna_tartare/766548,history,6,99,0,1
C,R1,3297,24984,tuna_tartare/790370,history,100,99,0,1
C,R1,3299,24996,tuna_tartare/950161,history,94,99,0,1
C,R1,3303,25025,waffles/1336006,history,89,100,0,1
C,R1,3306,25042,waffles/155074,history,9,100,0,1
C,R1,3324,25155,waffles/3192557,history,47,100,0,1
C,R1,3326,25179,waffles/3505188,history,33,100,0,1
C,R1,3329,25209,waffles/59277,history,20,100,0,1
C,R1,3332,25241,waffles/905007,history,85,100,0,1
C,R2,2,12,apple_pie/1174330,history,10,0,0,1
C,R2,3334,46,apple_pie/175848,E,91,0,0,1
C,R2,9,57,apple_pie/1906009,history,52,0,0,1
C,R2,15,79,apple_pie/2254489,history,54,0,0,1
C,R2,3337,121,apple_pie/2680614,E,99,0,0,1
C,R2,21,161,apple_pie/3280206,history,62,0,0,1
C,R2,23,178,apple_pie/3521500,history,91,0,0,1
C,R2,3339,222,apple_pie/646264,E,70,0,0,1
C,R2,31,230,apple_pie/812047,history,72,0,0,1
C,R2,32,243,apple_pie/908367,history,11,0,0,1
C,R2,34,272,baby_back_ribs/1341719,history,84,1,0,1
C,R2,35,276,baby_back_ribs/139044,history,81,1,0,1
C,R2,3343,292,baby_back_ribs/1622817,E,85,1,0,1
C,R2,3345,302,baby_back_ribs/1732271,E,19,1,0,1
C,R2,40,303,baby_back_ribs/1735046,history,5,1,0,1
C,R2,46,346,baby_back_ribs/2272205,history,10,1,0,1
C,R2,48,353,baby_back_ribs/2331746,history,54,1,0,1
C,R2,56,392,baby_back_ribs/2846282,history,53,1,0,1
C,R2,3347,447,baby_back_ribs/3873682,E,19,1,0,1
C,R2,65,467,baby_back_ribs/652170,history,16,1,0,1
C,R2,66,500,baklava/1028777,history,7,2,0,1
C,R2,3349,507,baklava/1110172,E,38,2,0,1
C,R2,69,528,baklava/1351482,history,98,2,0,1
C,R2,3350,532,baklava/1391742,E,24,2,0,1
C,R2,70,564,baklava/1846365,history,44,2,0,1
C,R2,3352,595,baklava/2373207,E,88,2,0,1
C,R2,78,638,baklava/295863,history,89,2,0,1
C,R2,81,649,baklava/3112621,history,36,2,0,1
C,R2,88,701,baklava/3765756,history,13,2,0,1
C,R2,94,741,baklava/899196,history,71,2,0,1
C,R2,100,786,beef_carpaccio/1449190,history,62,3,0,1
C,R2,103,806,beef_carpaccio/1726589,history,39,3,0,1
C,R2,3357,807,beef_carpaccio/1736023,E,89,3,0,1
C,R2,3359,822,beef_carpaccio/1894239,E,51,3,0,1
C,R2,106,838,beef_carpaccio/2082670,history,70,3,0,1
C,R2,109,863,beef_carpaccio/245298,history,89,3,0,1
C,R2,3362,901,beef_carpaccio/3040322,E,85,3,0,1
C,R2,114,903,beef_carpaccio/3048461,history,72,3,0,1
C,R2,120,935,beef_carpaccio/3418483,history,79,3,0,1
C,R2,125,962,beef_carpaccio/3896605,history,10,3,0,1
C,R2,132,1002,beef_tartare/1030025,history,57,4,0,1
C,R2,3365,1028,beef_tartare/1432088,E,30,4,0,1
C,R2,3369,1126,beef_tartare/2936728,E,28,4,0,1
C,R2,147,1140,beef_tartare/3072015,history,14,4,0,1
C,R2,148,1148,beef_tartare/3125171,history,15,4,0,1
C,R2,3370,1152,beef_tartare/3189544,E,55,4,0,1
C,R2,158,1206,beef_tartare/3846468,history,44,4,0,1
C,R2,160,1221,beef_tartare/544934,history,82,4,0,1
C,R2,161,1222,beef_tartare/548256,history,25,4,0,1
C,R2,163,1236,beef_tartare/731281,history,95,4,0,1
C,R2,3375,1292,beet_salad/149433,E,23,5,0,1
C,R2,172,1312,beet_salad/1724996,history,81,5,0,1
C,R2,173,1321,beet_salad/1912120,history,20,5,0,1
C,R2,174,1335,beet_salad/2194021,history,0,5,0,1
C,R2,175,1340,beet_salad/229832,history,24,5,0,1
C,R2,3379,1404,beet_salad/3287877,E,16,5,0,1
C,R2,186,1405,beet_salad/3296872,history,50,5,0,1
C,R2,187,1416,beet_salad/3379002,history,38,5,0,1
C,R2,3380,1442,beet_salad/3798097,E,94,5,0,1
C,R2,193,1447,beet_salad/3848398,history,66,5,0,1
C,R2,3381,1524,beignets/1180200,E,86,6,0,1
C,R2,203,1558,beignets/1654958,history,99,6,0,1
C,R2,206,1569,beignets/1827892,history,17,6,0,1
C,R2,207,1577,beignets/1900295,history,87,6,0,1
C,R2,213,1599,beignets/2250143,history,2,6,0,1
C,R2,221,1692,beignets/3707433,history,90,6,0,1
C,R2,224,1698,beignets/38080,history,60,6,0,1
C,R2,3386,1703,beignets/388739,E,58,6,0,1
C,R2,227,1712,beignets/487698,history,39,6,0,1
C,R2,3388,1736,beignets/767287,E,47,6,0,1
C,R2,233,1763,bibimbap/1089605,history,73,7,0,1
C,R2,3390,1780,bibimbap/1305020,E,54,7,0,1
C,R2,3392,1787,bibimbap/1407251,E,60,7,0,1
C,R2,238,1789,bibimbap/146890,history,5,7,0,1
C,R2,3394,1795,bibimbap/1611088,E,28,7,0,1
C,R2,242,1856,bibimbap/2478152,history,86,7,0,1
C,R2,251,1899,bibimbap/3096950,history,31,7,0,1
C,R2,253,1915,bibimbap/3316386,history,57,7,0,1
C,R2,259,1961,bibimbap/421113,history,52,7,0,1
C,R2,262,1990,bibimbap/822381,history,5,7,0,1
C,R2,264,2005,bread_pudding/11628,history,2,8,0,1
C,R2,266,2015,bread_pudding/126280,history,29,8,0,1
C,R2,268,2034,bread_pudding/1404136,history,37,8,0,1
C,R2,3397,2038,bread_pudding/1436760,E,14,8,0,1
C,R2,270,2042,bread_pudding/147695,history,55,8,0,1
C,R2,276,2066,bread_pudding/1850118,history,98,8,0,1
C,R2,279,2082,bread_pudding/2073747,history,22,8,0,1
C,R2,3398,2091,bread_pudding/2280724,E,24,8,0,1
C,R2,291,2167,bread_pudding/330688,history,0,8,0,1
C,R2,3402,2187,bread_pudding/360106,E,20,8,0,1
C,R2,298,2256,breakfast_burrito/1078560,history,83,9,0,1
C,R2,306,2300,breakfast_burrito/1760829,history,2,9,0,1
C,R2,3407,2335,breakfast_burrito/2230924,E,61,9,0,1
C,R2,311,2342,breakfast_burrito/2298254,history,3,9,0,1
C,R2,313,2388,breakfast_burrito/3034348,history,75,9,0,1
C,R2,318,2432,breakfast_burrito/3733629,history,14,9,0,1
C,R2,320,2439,breakfast_burrito/403685,history,7,9,0,1
C,R2,321,2449,breakfast_burrito/517530,history,22,9,0,1
C,R2,3411,2452,breakfast_burrito/53713,E,28,9,0,1
C,R2,3412,2485,breakfast_burrito/859728,E,86,9,0,1
C,R2,332,2520,bruschetta/1373778,history,16,10,0,1
C,R2,333,2523,bruschetta/1526591,history,66,10,0,1
C,R2,336,2532,bruschetta/1700429,history,65,10,0,1
C,R2,337,2535,bruschetta/1790892,history,36,10,0,1
C,R2,339,2558,bruschetta/2107336,history,8,10,0,1
C,R2,3415,2570,bruschetta/2250442,E,49,10,0,1
C,R2,3416,2580,bruschetta/2368994,E,63,10,0,1
C,R2,3418,2637,bruschetta/3130688,E,36,10,0,1
C,R2,351,2661,bruschetta/3422245,history,92,10,0,1
C,R2,353,2679,bruschetta/3674267,history,87,10,0,1
C,R2,363,2766,caesar_salad/1369936,history,4,11,0,1
C,R2,366,2799,caesar_salad/1719960,history,59,11,0,1
C,R2,368,2816,caesar_salad/1995850,history,0,11,0,1
C,R2,376,2848,caesar_salad/239163,history,45,11,0,1
C,R2,382,2881,caesar_salad/2792161,history,41,11,0,1
C,R2,385,2895,caesar_salad/302309,history,74,11,0,1
C,R2,3424,2934,caesar_salad/3489299,E,81,11,0,1
C,R2,3425,2952,caesar_salad/3743543,E,34,11,0,1
C,R2,389,2956,caesar_salad/3824310,history,45,11,0,1
C,R2,3426,2975,caesar_salad/548280,E,65,11,0,1
C,R2,397,3027,cannoli/1315364,history,53,12,0,1
C,R2,401,3071,cannoli/1999039,history,3,12,0,1
C,R2,415,3141,cannoli/2945082,history,77,12,0,1
C,R2,418,3158,cannoli/329333,history,27,12,0,1
C,R2,421,3170,cannoli/348101,history,46,12,0,1
C,R2,3434,3174,cannoli/35225,E,53,12,0,1
C,R2,425,3222,cannoli/663320,history,21,12,0,1
C,R2,427,3236,cannoli/796201,history,38,12,0,1
C,R2,3435,3238,cannoli/803995,E,43,12,0,1
C,R2,3436,3246,cannoli/96548,E,47,12,0,1
C,R2,430,3263,caprese_salad/1247706,history,90,13,0,1
C,R2,431,3265,caprese_salad/129865,history,84,13,0,1
C,R2,3439,3308,caprese_salad/1740323,E,15,13,0,1
C,R2,3442,3344,caprese_salad/2214076,E,3,13,0,1
C,R2,448,3383,caprese_salad/2802278,history,52,13,0,1
C,R2,454,3411,caprese_salad/3220459,history,10,13,0,1
C,R2,3444,3439,caprese_salad/3735346,E,12,13,0,1
C,R2,455,3440,caprese_salad/3747244,history,8,13,0,1
C,R2,456,3444,caprese_salad/3767186,history,30,13,0,1
C,R2,460,3475,caprese_salad/691390,history,74,13,0,1
C,R2,464,3507,carrot_cake/1070211,history,30,14,0,1
C,R2,465,3528,carrot_cake/141978,history,40,14,0,1
C,R2,472,3556,carrot_cake/1840888,history,57,14,0,1
C,R2,3445,3577,carrot_cake/2108872,E,27,14,0,1
C,R2,475,3582,carrot_cake/2183537,history,64,14,0,1
C,R2,478,3640,carrot_cake/3126293,history,60,14,0,1
C,R2,481,3664,carrot_cake/3322547,history,88,14,0,1
C,R2,3449,3665,carrot_cake/332664,E,29,14,0,1
C,R2,3451,3713,carrot_cake/477397,E,78,14,0,1
C,R2,491,3721,carrot_cake/615138,history,27,14,0,1
C,R2,502,3789,ceviche/1584989,history,60,15,0,1
C,R2,509,3853,ceviche/2690839,history,59,15,0,1
C,R2,510,3866,ceviche/2887423,history,21,15,0,1
C,R2,511,3868,ceviche/2919923,history,78,15,0,1
C,R2,3455,3871,ceviche/298684,E,73,15,0,1
C,R2,516,3904,ceviche/3421369,history,63,15,0,1
C,R2,518,3931,ceviche/3783853,history,81,15,0,1
C,R2,519,3939,ceviche/3833395,history,24,15,0,1
C,R2,3457,3941,ceviche/3855626,E,75,15,0,1
C,R2,3460,3981,ceviche/83200,E,34,15,0,1
C,R2,528,4004,cheese_plate/1053953,history,85,16,0,1
C,R2,3462,4042,cheese_plate/1580287,E,70,16,0,1
C,R2,534,4050,cheese_plate/1659108,history,79,16,0,1
C,R2,540,4107,cheese_plate/2622606,history,11,16,0,1
C,R2,3465,4116,cheese_plate/2780107,E,79,16,0,1
C,R2,544,4128,cheese_plate/2865214,history,14,16,0,1
C,R2,3466,4150,cheese_plate/3293044,E,5,16,0,1
C,R2,553,4183,cheese_plate/3678228,history,0,16,0,1
C,R2,554,4202,cheese_plate/437823,history,73,16,0,1
C,R2,558,4227,cheese_plate/748214,history,13,16,0,1
C,R2,561,4253,cheesecake/1092082,history,33,17,0,1
C,R2,3470,4292,cheesecake/1725960,E,46,17,0,1
C,R2,569,4307,cheesecake/1873909,history,60,17,0,1
C,R2,574,4357,cheesecake/2443507,history,37,17,0,1
C,R2,579,4378,cheesecake/2733725,history,93,17,0,1
C,R2,3472,4380,cheesecake/2748186,E,78,17,0,1
C,R2,584,4423,cheesecake/3438209,history,94,17,0,1
C,R2,586,4430,cheesecake/34970,history,33,17,0,1
C,R2,3476,4472,cheesecake/581896,E,40,17,0,1
C,R2,589,4485,cheesecake/815943,history,3,17,0,1
C,R2,3478,4511,chicken_curry/115224,E,16,18,0,1
C,R2,597,4516,chicken_curry/1215399,history,40,18,0,1
C,R2,3479,4542,chicken_curry/1523057,E,80,18,0,1
C,R2,600,4548,chicken_curry/158711,history,14,18,0,1
C,R2,611,4626,chicken_curry/2755111,history,12,18,0,1
C,R2,614,4662,chicken_curry/3264167,history,1,18,0,1
C,R2,3483,4667,chicken_curry/3351502,E,32,18,0,1
C,R2,617,4670,chicken_curry/3406137,history,9,18,0,1
C,R2,623,4702,chicken_curry/38115,history,76,18,0,1
C,R2,626,4737,chicken_curry/84451,history,66,18,0,1
C,R2,634,4827,chicken_quesadilla/2057797,history,47,19,0,1
C,R2,636,4838,chicken_quesadilla/21462,history,53,19,0,1
C,R2,637,4843,chicken_quesadilla/2201808,history,53,19,0,1
C,R2,642,4882,chicken_quesadilla/2841981,history,68,19,0,1
C,R2,643,4895,chicken_quesadilla/297306,history,72,19,0,1
C,R2,3489,4897,chicken_quesadilla/2990987,E,37,19,0,1
C,R2,3490,4901,chicken_quesadilla/3004094,E,86,19,0,1
C,R2,650,4930,chicken_quesadilla/3379443,history,40,19,0,1
C,R2,3491,4959,chicken_quesadilla/3768874,E,100,19,0,1
C,R2,659,4999,chicken_quesadilla/959209,history,47,19,0,1
C,R2,662,5016,chicken_wings/1184967,history,91,20,0,1
C,R2,3494,5018,chicken_wings/1219576,E,51,20,0,1
C,R2,664,5028,chicken_wings/1349542,history,22,20,0,1
C,R2,668,5059,chicken_wings/1759368,history,58,20,0,1
C,R2,672,5073,chicken_wings/202958,history,56,20,0,1
C,R2,674,5082,chicken_wings/22089,history,62,20,0,1
C,R2,680,5163,chicken_wings/3517335,history,30,20,0,1
C,R2,3497,5164,chicken_wings/3520583,E,91,20,0,1
C,R2,683,5194,chicken_wings/397812,history,32,20,0,1
C,R2,3499,5231,chicken_wings/788545,E,49,20,0,1
C,R2,696,5272,chocolate_cake/1379488,history,63,21,0,1
C,R2,3501,5303,chocolate_cake/1990929,E,96,21,0,1
C,R2,705,5329,chocolate_cake/2410886,history,73,21,0,1
C,R2,709,5388,chocolate_cake/3087752,history,61,21,0,1
C,R2,714,5430,chocolate_cake/3524176,history,28,21,0,1
C,R2,3506,5434,chocolate_cake/3552805,E,55,21,0,1
C,R2,716,5446,chocolate_cake/3688150,history,1,21,0,1
C,R2,719,5458,chocolate_cake/39586,history,51,21,0,1
C,R2,725,5483,chocolate_cake/749168,history,52,21,0,1
C,R2,3508,5489,chocolate_cake/848452,E,16,21,0,1
C,R2,727,5525,chocolate_mousse/1357078,history,14,22,0,1
C,R2,3511,5553,chocolate_mousse/1685320,E,30,22,0,1
C,R2,3513,5600,chocolate_mousse/2356191,E,11,22,0,1
C,R2,747,5681,chocolate_mousse/3672683,history,60,22,0,1
C,R2,748,5687,chocolate_mousse/3763127,history,50,22,0,1
C,R2,753,5710,chocolate_mousse/455627,history,51,22,0,1
C,R2,755,5712,chocolate_mousse/484111,history,86,22,0,1
C,R2,756,5735,chocolate_mousse/779775,history,100,22,0,1
C,R2,3516,5746,chocolate_mousse/944926,E,24,22,0,1
C,R2,758,5748,chocolate_mousse/978246,history,28,22,0,1
C,R2,3517,5759,churros/1142581,E,84,23,0,1
C,R2,762,5761,churros/1157589,history,25,23,0,1
C,R2,3518,5769,churros/1239292,E,46,23,0,1
C,R2,766,5827,churros/2261310,history,30,23,0,1
C,R2,3520,5834,churros/2360308,E,64,23,0,1
C,R2,771,5883,churros/3029897,history,36,23,0,1
C,R2,779,5931,churros/3593258,history,64,23,0,1
C,R2,780,5933,churros/3641322,history,6,23,0,1
C,R2,786,5960,churros/509888,history,30,23,0,1
C,R2,791,5991,churros/878415,history,75,23,0,1
C,R2,794,6011,clam_chowder/1119227,history,59,24,0,1
C,R2,797,6020,clam_chowder/1211883,history,86,24,0,1
C,R2,3526,6032,clam_chowder/1450190,E,83,24,0,1
C,R2,805,6065,clam_chowder/1974417,history,30,24,0,1
C,R2,809,6088,clam_chowder/2248997,history,75,24,0,1
C,R2,811,6113,clam_chowder/2641960,history,46,24,0,1
C,R2,3529,6114,clam_chowder/2645180,E,95,24,0,1
C,R2,818,6143,clam_chowder/2955870,history,28,24,0,1
C,R2,821,6182,clam_chowder/3523504,history,23,24,0,1
C,R2,3532,6242,clam_chowder/905242,E,94,24,0,1
C,R2,3534,6262,club_sandwich/122236,E,67,25,0,1
C,R2,3535,6274,club_sandwich/1313234,E,14,25,0,1
C,R2,828,6279,club_sandwich/1370086,history,84,25,0,1
C,R2,832,6307,club_sandwich/172594,history,89,25,0,1
C,R2,834,6322,club_sandwich/1971725,history,37,25,0,1
C,R2,843,6405,club_sandwich/3352000,history,18,25,0,1
C,R2,845,6410,club_sandwich/3435283,history,67,25,0,1
C,R2,849,6442,club_sandwich/3852558,history,74,25,0,1
C,R2,852,6475,club_sandwich/683900,history,43,25,0,1
C,R2,3539,6488,club_sandwich/821112,E,63,25,0,1
C,R2,858,6514,crab_cakes/1178313,history,78,26,0,1
C,R2,861,6543,crab_cakes/1598339,history,45,26,0,1
C,R2,866,6568,crab_cakes/1909835,history,44,26,0,1
C,R2,3546,6586,crab_cakes/2246252,E,36,26,0,1
C,R2,880,6653,crab_cakes/3220950,history,48,26,0,1
C,R2,887,6694,crab_cakes/3909577,history,93,26,0,1
C,R2,888,6701,crab_cakes/508126,history,95,26,0,1
C,R2,890,6725,crab_cakes/70919,history,93,26,0,1
C,R2,3547,6731,crab_cakes/77548,E,72,26,0,1
C,R2,3548,6745,crab_cakes/939129,E,54,26,0,1
C,R2,3550,6768,creme_brulee/1173593,E,11,27,0,1
C,R2,892,6779,creme_brulee/13160,history,29,27,0,1
C,R2,894,6815,creme_brulee/1929142,history,17,27,0,1
C,R2,3553,6834,creme_brulee/215679,E,44,27,0,1
C,R2,904,6850,creme_brulee/2371108,history,54,27,0,1
C,R2,915,6911,creme_brulee/337315,history,86,27,0,1
C,R2,916,6919,creme_brulee/3478390,history,96,27,0,1
C,R2,919,6947,creme_brulee/492954,history,46,27,0,1
C,R2,922,6973,creme_brulee/742636,history,3,27,0,1
C,R2,3556,6975,creme_brulee/779678,E,78,27,0,1
C,R2,3557,7007,croque_madame/1121140,E,12,28,0,1
C,R2,928,7057,croque_madame/1765151,history,48,28,0,1
C,R2,932,7090,croque_madame/2294293,history,12,28,0,1
C,R2,936,7103,croque_madame/2529025,history,8,28,0,1
C,R2,3561,7118,croque_madame/2713100,E,70,28,0,1
C,R2,943,7154,croque_madame/323129,history,44,28,0,1
C,R2,948,7173,croque_madame/3576770,history,8,28,0,1
C,R2,3563,7203,croque_madame/456573,E,53,28,0,1
C,R2,953,7234,croque_madame/794800,history,65,28,0,1
C,R2,955,7240,croque_madame/88150,history,70,28,0,1
C,R2,966,7291,cup_cakes/1484592,history,89,29,0,1
C,R2,967,7293,cup_cakes/1504672,history,87,29,0,1
C,R2,970,7303,cup_cakes/1685154,history,73,29,0,1
C,R2,975,7330,cup_cakes/206408,history,96,29,0,1
C,R2,976,7343,cup_cakes/2238554,history,95,29,0,1
C,R2,3566,7362,cup_cakes/243310,E,57,29,0,1
C,R2,3569,7404,cup_cakes/3223435,E,45,29,0,1
C,R2,3571,7427,cup_cakes/361454,E,65,29,0,1
C,R2,985,7434,cup_cakes/398453,history,95,29,0,1
C,R2,986,7437,cup_cakes/451071,history,37,29,0,1
C,R2,992,7533,deviled_eggs/1440945,history,0,30,0,1
C,R2,993,7541,deviled_eggs/1520109,history,82,30,0,1
C,R2,3577,7592,deviled_eggs/2122001,E,48,30,0,1
C,R2,3578,7600,deviled_eggs/2223278,E,14,30,0,1
C,R2,1005,7634,deviled_eggs/2832214,history,18,30,0,1
C,R2,1008,7655,deviled_eggs/3151471,history,24,30,0,1
C,R2,1015,7713,deviled_eggs/591273,history,15,30,0,1
C,R2,1020,7734,deviled_eggs/792464,history,52,30,0,1
C,R2,3580,7742,deviled_eggs/923875,E,35,30,0,1
C,R2,1022,7748,deviled_eggs/980143,history,25,30,0,1
C,R2,3582,7798,donuts/1711195,E,78,31,0,1
C,R2,1026,7830,donuts/2173762,history,63,31,0,1
C,R2,1031,7852,donuts/2518126,history,90,31,0,1
C,R2,1033,7867,donuts/2634179,history,10,31,0,1
C,R2,1037,7886,donuts/2892362,history,14,31,0,1
C,R2,1038,7890,donuts/2965162,history,81,31,0,1
C,R2,1040,7902,donuts/3067129,history,68,31,0,1
C,R2,3586,7921,donuts/3374427,E,89,31,0,1
C,R2,1048,7945,donuts/388455,history,99,31,0,1
C,R2,3587,7990,donuts/857351,E,8,31,0,1
C,R2,1060,8044,dumplings/1630799,history,9,32,0,1
C,R2,1065,8079,dumplings/2178767,history,42,32,0,1
C,R2,1067,8093,dumplings/231024,history,28,32,0,1
C,R2,3591,8100,dumplings/2372842,E,55,32,0,1
C,R2,1068,8113,dumplings/2496488,history,83,32,0,1
C,R2,3593,8125,dumplings/2635099,E,87,32,0,1
C,R2,3595,8167,dumplings/327045,E,79,32,0,1
C,R2,1076,8170,dumplings/3337925,history,26,32,0,1
C,R2,1084,8210,dumplings/467,history,17,32,0,1
C,R2,1087,8227,dumplings/7421,history,6,32,0,1
C,R2,1089,8266,edamame/1290777,history,14,33,0,1
C,R2,1092,8281,edamame/1468407,history,52,33,0,1
C,R2,1093,8285,edamame/1530694,history,18,33,0,1
C,R2,3598,8297,edamame/168493,E,100,33,0,1
C,R2,3601,8391,edamame/3039972,E,82,33,0,1
C,R2,1107,8396,edamame/3075342,history,99,33,0,1
C,R2,3602,8407,edamame/3181559,E,59,33,0,1
C,R2,1114,8423,edamame/3399625,history,12,33,0,1
C,R2,1116,8435,edamame/3666348,history,7,33,0,1
C,R2,1121,8481,edamame/749063,history,7,33,0,1
C,R2,1123,8520,eggs_benedict/1388232,history,63,34,0,1
C,R2,1126,8544,eggs_benedict/1635909,history,63,34,0,1
C,R2,1129,8572,eggs_benedict/1953539,history,65,34,0,1
C,R2,1133,8597,eggs_benedict/2353342,history,5,34,0,1
C,R2,3606,8612,eggs_benedict/2593546,E,59,34,0,1
C,R2,1136,8620,eggs_benedict/2664593,history,47,34,0,1
C,R2,3608,8631,eggs_benedict/2916221,E,77,34,0,1
C,R2,3609,8698,eggs_benedict/3810846,E,5,34,0,1
C,R2,1150,8728,eggs_benedict/762164,history,29,34,0,1
C,R2,1154,8746,eggs_benedict/932840,history,7,34,0,1
C,R2,1156,8767,escargots/1280385,history,3,35,0,1
C,R2,1157,8775,escargots/1352687,history,50,35,0,1
C,R2,1163,8814,escargots/1891670,history,47,35,0,1
C,R2,3614,8822,escargots/1979987,E,17,35,0,1
C,R2,1165,8823,escargots/2021108,history,96,35,0,1
C,R2,1168,8861,escargots/2540229,history,25,35,0,1
C,R2,3619,8907,escargots/327202,E,60,35,0,1
C,R2,3620,8918,escargots/3340369,E,91,35,0,1
C,R2,1179,8943,escargots/3661118,history,33,35,0,1
C,R2,1185,8977,escargots/730671,history,52,35,0,1
C,R2,1194,9051,falafel/1692987,history,41,36,0,1
C,R2,1196,9057,falafel/1783819,history,67,36,0,1
C,R2,3622,9105,falafel/2382955,E,67,36,0,1
C,R2,1206,9128,falafel/2771348,history,56,36,0,1
C,R2,3625,9134,falafel/2863127,E,7,36,0,1
C,R2,1207,9138,falafel/294461,history,100,36,0,1
C,R2,1208,9146,falafel/3052208,history,0,36,0,1
C,R2,1209,9155,falafel/3145827,history,41,36,0,1
C,R2,3628,9171,falafel/3399895,E,18,36,0,1
C,R2,1214,9214,falafel/527223,history,72,36,0,1
C,R2,1223,9269,filet_mignon/1275212,history,23,37,0,1
C,R2,3630,9290,filet_mignon/1598471,E,16,37,0,1
C,R2,1225,9291,filet_mignon/1629361,history,71,37,0,1
C,R2,1229,9317,filet_mignon/2046519,history,90,37,0,1
C,R2,1230,9320,filet_mignon/2127031,history,5,37,0,1
C,R2,1236,9351,filet_mignon/2408909,history,100,37,0,1
C,R2,1238,9361,filet_mignon/2513730,history,20,37,0,1
C,R2,3634,9376,filet_mignon/2674428,E,84,37,0,1
C,R2,1245,9431,filet_mignon/3447648,history,15,37,0,1
C,R2,3636,9483,filet_mignon/755413,E,85,37,0,1
C,R2,1255,9508,fish_and_chips/109120,history,55,38,0,1
C,R2,3637,9513,fish_and_chips/1147880,E,4,38,0,1
C,R2,1259,9528,fish_and_chips/1396384,history,11,38,0,1
C,R2,3639,9566,fish_and_chips/1915806,E,55,38,0,1
C,R2,1262,9572,fish_and_chips/2002863,history,19,38,0,1
C,R2,3641,9618,fish_and_chips/2655836,E,95,38,0,1
C,R2,1273,9633,fish_and_chips/2802836,history,48,38,0,1
C,R2,1279,9684,fish_and_chips/3635042,history,79,38,0,1
C,R2,1280,9694,fish_and_chips/3853730,history,90,38,0,1
C,R2,1283,9717,fish_and_chips/533951,history,68,38,0,1
C,R2,1287,9772,foie_gras/1335868,history,80,39,0,1
C,R2,3648,9816,foie_gras/1959773,E,82,39,0,1
C,R2,1298,9844,foie_gras/2291174,history,6,39,0,1
C,R2,1307,9904,foie_gras/3084544,history,12,39,0,1
C,R2,1310,9926,foie_gras/3547430,history,4,39,0,1
C,R2,3650,9936,foie_gras/3677569,E,23,39,0,1
C,R2,1313,9938,foie_gras/3719908,history,88,39,0,1
C,R2,3651,9943,foie_gras/3760127,E,13,39,0,1
C,R2,1316,9963,foie_gras/556139,history,89,39,0,1
C,R2,1317,9974,foie_gras/643231,history,97,39,0,1
C,R2,1320,10005,french_fries/108743,history,50,40,0,1
C,R2,1321,10016,french_fries/1343675,history,39,40,0,1
C,R2,1323,10026,french_fries/1555814,history,80,40,0,1
C,R2,3655,10070,french_fries/2214673,E,37,40,0,1
C,R2,3656,10075,french_fries/2250693,E,44,40,0,1
C,R2,1327,10088,french_fries/2487311,history,3,40,0,1
C,R2,3657,10111,french_fries/2696740,E,88,40,0,1
C,R2,1339,10155,french_fries/3167615,history,0,40,0,1
C,R2,1344,10173,french_fries/3370087,history,20,40,0,1
C,R2,1348,10186,french_fries/370151,history,3,40,0,1
C,R2,3661,10310,french_onion_soup/1890303,E,30,41,0,1
C,R2,3662,10330,french_onion_soup/2156603,E,51,41,0,1
C,R2,1370,10432,french_onion_soup/3516597,history,60,41,0,1
C,R2,1372,10437,french_onion_soup/3611298,history,86,41,0,1
C,R2,1375,10441,french_onion_soup/3723195,history,83,41,0,1
C,R2,1376,10442,french_onion_soup/372456,history,89,41,0,1
C,R2,1377,10446,french_onion_soup/3766155,history,84,41,0,1
C,R2,1379,10456,french_onion_soup/454841,history,52,41,0,1
C,R2,1381,10459,french_onion_soup/473785,history,0,41,0,1
C,R2,3667,10461,french_onion_soup/48388,E,21,41,0,1
C,R2,1388,10505,french_toast/1062609,history,48,42,0,1
C,R2,3669,10517,french_toast/1237482,E,8,42,0,1
C,R2,1391,10537,french_toast/1493762,history,86,42,0,1
C,R2,1398,10572,french_toast/1971292,history,48,42,0,1
C,R2,1401,10603,french_toast/2400970,history,43,42,0,1
C,R2,1405,10640,french_toast/300711,history,32,42,0,1
C,R2,1412,10704,french_toast/513921,history,44,42,0,1
C,R2,3675,10724,french_toast/753121,E,68,42,0,1
C,R2,1417,10735,french_toast/845721,history,8,42,0,1
C,R2,3676,10743,french_toast/941896,E,96,42,0,1
C,R2,1420,10757,fried_calamari/1164807,history,7,43,0,1
C,R2,1421,10758,fried_calamari/1168041,history,23,43,0,1
C,R2,3677,10760,fried_calamari/1213975,E,91,43,0,1
C,R2,1423,10787,fried_calamari/1608824,history,37,43,0,1
C,R2,1425,10789,fried_calamari/1633860,history,53,43,0,1
C,R2,1437,10873,fried_calamari/2666857,history,68,43,0,1
C,R2,1448,10949,fried_calamari/484977,history,18,43,0,1
C,R2,1449,10979,fried_calamari/742467,history,64,43,0,1
C,R2,3683,10990,fried_calamari/862687,E,58,43,0,1
C,R2,3684,10997,fried_calamari/949342,E,68,43,0,1
C,R2,1453,11005,fried_rice/1047951,history,31,44,0,1
C,R2,1454,11008,fried_rice/1080040,history,3,44,0,1
C,R2,1459,11037,fried_rice/1418429,history,49,44,0,1
C,R2,3686,11063,fried_rice/1790059,E,0,44,0,1
C,R2,1465,11080,fried_rice/1988551,history,93,44,0,1
C,R2,1472,11144,fried_rice/2850904,history,25,44,0,1
C,R2,1476,11158,fried_rice/3046273,history,79,44,0,1
C,R2,3689,11179,fried_rice/3333149,E,47,44,0,1
C,R2,1480,11215,fried_rice/465747,history,92,44,0,1
C,R2,3692,11218,fried_rice/490008,E,28,44,0,1
C,R2,1486,11263,frozen_yogurt/125486,history,86,45,0,1
C,R2,1489,11277,frozen_yogurt/142940,history,28,45,0,1
C,R2,3696,11296,frozen_yogurt/159124,E,70,45,0,1
C,R2,1492,11307,frozen_yogurt/1658919,history,53,45,0,1
C,R2,1497,11350,frozen_yogurt/2236420,history,92,45,0,1
C,R2,1499,11361,frozen_yogurt/2331747,history,80,45,0,1
C,R2,1503,11412,frozen_yogurt/3422510,history,91,45,0,1
C,R2,3699,11423,frozen_yogurt/3584201,E,62,45,0,1
C,R2,1509,11460,frozen_yogurt/543937,history,95,45,0,1
C,R2,3700,11469,frozen_yogurt/610008,E,39,45,0,1
C,R2,1520,11522,garlic_bread/1244438,history,17,46,0,1
C,R2,1527,11577,garlic_bread/2168330,history,16,46,0,1
C,R2,1531,11605,garlic_bread/2422497,history,22,46,0,1
C,R2,3703,11654,garlic_bread/3123363,E,94,46,0,1
C,R2,1540,11680,garlic_bread/3516354,history,69,46,0,1
C,R2,3706,11688,garlic_bread/3612349,E,79,46,0,1
C,R2,1542,11689,garlic_bread/3618023,history,91,46,0,1
C,R2,1547,11728,garlic_bread/661873,history,58,46,0,1
C,R2,1548,11733,garlic_bread/768121,history,91,46,0,1
C,R2,3708,11737,garlic_bread/827592,E,64,46,0,1
C,R2,3709,11753,gnocchi/1029710,E,15,47,0,1
C,R2,3710,11771,gnocchi/1364210,E,40,47,0,1
C,R2,3712,11811,gnocchi/200158,E,85,47,0,1
C,R2,1559,11827,gnocchi/2278510,history,70,47,0,1
C,R2,1561,11835,gnocchi/2431853,history,85,47,0,1
C,R2,1564,11861,gnocchi/291639,history,93,47,0,1
C,R2,1565,11864,gnocchi/3002407,history,76,47,0,1
C,R2,1569,11918,gnocchi/3640893,history,61,47,0,1
C,R2,1570,11923,gnocchi/378101,history,68,47,0,1
C,R2,1573,11949,gnocchi/538141,history,29,47,0,1
C,R2,3719,12034,greek_salad/169984,E,82,48,0,1
C,R2,1588,12044,greek_salad/1831721,history,100,48,0,1
C,R2,3720,12046,greek_salad/1840798,E,36,48,0,1
C,R2,1600,12125,greek_salad/2917059,history,98,48,0,1
C,R2,1607,12173,greek_salad/362753,history,38,48,0,1
C,R2,1608,12177,greek_salad/3677936,history,26,48,0,1
C,R2,3723,12195,greek_salad/3871796,E,76,48,0,1
C,R2,1613,12219,greek_salad/678562,history,96,48,0,1
C,R2,1614,12230,greek_salad/780006,history,64,48,0,1
C,R2,1615,12233,greek_salad/803001,history,39,48,0,1
C,R2,1617,12250,grilled_cheese_sandwich/1000938,history,67,49,0,1
C,R2,3726,12271,grilled_cheese_sandwich/1234727,E,76,49,0,1
C,R2,3728,12282,grilled_cheese_sandwich/1416508,E,76,49,0,1
C,R2,1623,12302,grilled_cheese_sandwich/1737670,history,13,49,0,1
C,R2,1627,12320,grilled_cheese_sandwich/1939101,history,22,49,0,1
C,R2,1637,12414,grilled_cheese_sandwich/3568175,history,53,49,0,1
C,R2,1638,12420,grilled_cheese_sandwich/3704752,history,58,49,0,1
C,R2,1643,12454,grilled_cheese_sandwich/655753,history,11,49,0,1
C,R2,3732,12460,grilled_cheese_sandwich/672855,E,67,49,0,1
C,R2,1646,12479,grilled_cheese_sandwich/779143,history,29,49,0,1
C,R2,1653,12539,grilled_salmon/1703790,history,93,50,0,1
C,R2,3734,12579,grilled_salmon/2194946,E,95,50,0,1
C,R2,1659,12591,grilled_salmon/2427929,history,45,50,0,1
C,R2,1661,12599,grilled_salmon/2551760,history,54,50,0,1
C,R2,1672,12674,grilled_salmon/3527328,history,33,50,0,1
C,R2,3739,12676,grilled_salmon/3562706,E,44,50,0,1
C,R2,1674,12700,grilled_salmon/3846478,history,26,50,0,1
C,R2,1678,12717,grilled_salmon/511896,history,54,50,0,1
C,R2,1680,12724,grilled_salmon/619995,history,0,50,0,1
C,R2,3740,12725,grilled_salmon/670888,E,20,50,0,1
C,R2,1683,12764,guacamole/1218686,history,30,51,0,1
C,R2,1687,12782,guacamole/1429656,history,55,51,0,1
C,R2,1688,12786,guacamole/147312,history,70,51,0,1
C,R2,3743,12792,guacamole/1498215,E,89,51,0,1
C,R2,1690,12816,guacamole/1857757,history,97,51,0,1
C,R2,1691,12820,guacamole/1870881,history,23,51,0,1
C,R2,3744,12821,guacamole/1896682,E,26,51,0,1
C,R2,1697,12872,guacamole/2748142,history,77,51,0,1
C,R2,3748,12966,guacamole/578086,E,36,51,0,1
C,R2,1712,12967,guacamole/580319,history,12,51,0,1
C,R2,1716,13006,gyoza/1098578,history,56,52,0,1
C,R2,1717,13014,gyoza/1300357,history,60,52,0,1
C,R2,3750,13049,gyoza/1838980,E,7,52,0,1
C,R2,1731,13104,gyoza/2653984,history,97,52,0,1
C,R2,1734,13119,gyoza/2795850,history,10,52,0,1
C,R2,3751,13123,gyoza/2861790,E,94,52,0,1
C,R2,1735,13125,gyoza/2866556,history,65,52,0,1
C,R2,1742,13184,gyoza/3572741,history,74,52,0,1
C,R2,1745,13214,gyoza/493083,history,31,52,0,1
C,R2,3755,13240,gyoza/851811,E,33,52,0,1
C,R2,1749,13268,hamburger/1253448,history,89,53,0,1
C,R2,1750,13271,hamburger/134819,history,10,53,0,1
C,R2,1754,13285,hamburger/1553214,history,43,53,0,1
C,R2,1757,13319,hamburger/2135938,history,41,53,0,1
C,R2,3758,13335,hamburger/2419243,E,71,53,0,1
C,R2,3763,13415,hamburger/3577815,E,79,53,0,1
C,R2,3764,13433,hamburger/376995,E,36,53,0,1
C,R2,1774,13441,hamburger/3900340,history,89,53,0,1
C,R2,1775,13443,hamburger/398340,history,8,53,0,1
C,R2,1780,13496,hamburger/950766,history,31,53,0,1
C,R2,3765,13503,hot_and_sour_soup/1029400,E,18,54,0,1
C,R2,1789,13552,hot_and_sour_soup/1555498,history,65,54,0,1
C,R2,1795,13582,hot_and_sour_soup/1938894,history,19,54,0,1
C,R2,1796,13596,hot_and_sour_soup/2278783,history,55,54,0,1
C,R2,1800,13641,hot_and_sour_soup/2843321,history,89,54,0,1
C,R2,3769,13661,hot_and_sour_soup/3045408,E,50,54,0,1
C,R2,1806,13688,hot_and_sour_soup/3509546,history,20,54,0,1
C,R2,3771,13697,hot_and_sour_soup/360709,E,17,54,0,1
C,R2,1810,13715,hot_and_sour_soup/406301,history,3,54,0,1
C,R2,1813,13729,hot_and_sour_soup/619528,history,83,54,0,1
C,R2,1816,13766,hot_dog/1182402,history,81,55,0,1
C,R2,3774,13779,hot_dog/133245,E,71,55,0,1
C,R2,1820,13789,hot_dog/1424617,history,46,55,0,1
C,R2,1822,13799,hot_dog/1514277,history,63,55,0,1
C,R2,1824,13815,hot_dog/1743028,history,50,55,0,1
C,R2,1827,13835,hot_dog/195251,history,13,55,0,1
C,R2,1832,13875,hot_dog/2646281,history,48,55,0,1
C,R2,3776,13876,hot_dog/2667843,E,15,55,0,1
C,R2,1834,13889,hot_dog/3000439,history,52,55,0,1
C,R2,3780,13911,hot_dog/3345037,E,92,55,0,1
C,R2,3781,14035,huevos_rancheros/1510794,E,68,56,0,1
C,R2,3782,14053,huevos_rancheros/1786538,E,48,56,0,1
C,R2,1859,14074,huevos_rancheros/2135636,history,100,56,0,1
C,R2,1860,14088,huevos_rancheros/2373326,history,20,56,0,1
C,R2,3785,14097,huevos_rancheros/255853,E,46,56,0,1
C,R2,1865,14118,huevos_rancheros/2796275,history,89,56,0,1
C,R2,1866,14126,huevos_rancheros/3000534,history,57,56,0,1
C,R2,1869,14199,huevos_rancheros/442522,history,51,56,0,1
C,R2,1873,14220,huevos_rancheros/656935,history,25,56,0,1
C,R2,1880,14248,huevos_rancheros/975533,history,60,56,0,1
C,R2,1881,14252,hummus/104077,history,55,57,0,1
C,R2,1882,14255,hummus/1071114,history,26,57,0,1
C,R2,1885,14303,hummus/1888173,history,35,57,0,1
C,R2,3791,14344,hummus/2582651,E,59,57,0,1
C,R2,1890,14356,hummus/2693356,history,35,57,0,1
C,R2,3792,14369,hummus/2884441,E,28,57,0,1
C,R2,1899,14409,hummus/3467281,history,88,57,0,1
C,R2,3795,14430,hummus/3698424,E,9,57,0,1
C,R2,1906,14456,hummus/578080,history,74,57,0,1
C,R2,1913,14489,hummus/894954,history,22,57,0,1
C,R2,3799,14531,ice_cream/1629364,E,0,58,0,1
C,R2,1920,14543,ice_cream/1894596,history,81,58,0,1
C,R2,3801,14576,ice_cream/2223225,E,60,58,0,1
C,R2,1922,14580,ice_cream/2281789,history,66,58,0,1
C,R2,1923,14582,ice_cream/2323930,history,78,58,0,1
C,R2,1937,14681,ice_cream/3851385,history,99,58,0,1
C,R2,1938,14682,ice_cream/3862358,history,60,58,0,1
C,R2,1940,14696,ice_cream/48073,history,77,58,0,1
C,R2,1943,14713,ice_cream/627510,history,67,58,0,1
C,R2,3804,14729,ice_cream/698179,E,85,58,0,1
C,R2,1948,14762,lasagna/134578,history,16,59,0,1
C,R2,1950,14772,lasagna/1524167,history,7,59,0,1
C,R2,1951,14784,lasagna/1670143,history,36,59,0,1
C,R2,1956,14816,lasagna/2201056,history,26,59,0,1
C,R2,1957,14822,lasagna/2296176,history,18,59,0,1
C,R2,1967,14887,lasagna/3130667,history,95,59,0,1
C,R2,3809,14906,lasagna/3327789,E,74,59,0,1
C,R2,1973,14932,lasagna/3609916,history,1,59,0,1
C,R2,3811,14948,lasagna/3710892,E,23,59,0,1
C,R2,3812,14970,lasagna/531075,E,74,59,0,1
C,R2,3814,15095,lobster_bisque/2390410,E,55,60,0,1
C,R2,1989,15097,lobster_bisque/2431979,history,69,60,0,1
C,R2,1993,15116,lobster_bisque/2697049,history,89,60,0,1
C,R2,1998,15163,lobster_bisque/3282626,history,26,60,0,1
C,R2,1999,15164,lobster_bisque/3288879,history,48,60,0,1
C,R2,3817,15176,lobster_bisque/3467001,E,72,60,0,1
C,R2,2006,15196,lobster_bisque/380900,history,80,60,0,1
C,R2,2007,15203,lobster_bisque/3898860,history,8,60,0,1
C,R2,3818,15208,lobster_bisque/418524,E,12,60,0,1
C,R2,2012,15245,lobster_bisque/944656,history,97,60,0,1
C,R2,3821,15258,lobster_roll_sandwich/1145571,E,79,61,0,1
C,R2,3824,15314,lobster_roll_sandwich/1896089,E,52,61,0,1
C,R2,3825,15323,lobster_roll_sandwich/1960154,E,16,61,0,1
C,R2,2025,15330,lobster_roll_sandwich/2036062,history,29,61,0,1
C,R2,2026,15337,lobster_roll_sandwich/214439,history,91,61,0,1
C,R2,2027,15350,lobster_roll_sandwich/2207529,history,26,61,0,1
C,R2,2036,15404,lobster_roll_sandwich/3121787,history,90,61,0,1
C,R2,2040,15431,lobster_roll_sandwich/541238,history,7,61,0,1
C,R2,2043,15457,lobster_roll_sandwich/699697,history,7,61,0,1
C,R2,2044,15459,lobster_roll_sandwich/706320,history,72,61,0,1
C,R2,3831,15532,macaroni_and_cheese/1534916,E,5,62,0,1
C,R2,3832,15550,macaroni_and_cheese/1854052,E,43,62,0,1
C,R2,2052,15573,macaroni_and_cheese/2105028,history,17,62,0,1
C,R2,2053,15581,macaroni_and_cheese/2208840,history,57,62,0,1
C,R2,2059,15623,macaroni_and_cheese/27599,history,0,62,0,1
C,R2,2062,15628,macaroni_and_cheese/2776828,history,42,62,0,1
C,R2,2064,15644,macaroni_and_cheese/3078366,history,30,62,0,1
C,R2,2066,15647,macaroni_and_cheese/3121487,history,55,62,0,1
C,R2,2067,15648,macaroni_and_cheese/3132827,history,57,62,0,1
C,R2,3836,15713,macaroni_and_cheese/610691,E,7,62,0,1
C,R2,2079,15750,macarons/1005656,history,62,63,0,1
C,R2,2082,15759,macarons/1075,history,100,63,0,1
C,R2,2084,15795,macarons/1533492,history,48,63,0,1
C,R2,2085,15818,macarons/1856252,history,71,63,0,1
C,R2,2090,15845,macarons/2184035,history,53,63,0,1
C,R2,2092,15848,macarons/2228249,history,11,63,0,1
C,R2,3839,15857,macarons/2387621,E,92,63,0,1
C,R2,2103,15938,macarons/3632637,history,30,63,0,1
C,R2,3841,15944,macarons/3709576,E,68,63,0,1
C,R2,3844,15990,macarons/773688,E,59,63,0,1
C,R2,2116,16022,miso_soup/136882,history,0,64,0,1
C,R2,2117,16025,miso_soup/1426732,history,85,64,0,1
C,R2,2121,16051,miso_soup/179471,history,67,64,0,1
C,R2,2128,16108,miso_soup/2639851,history,100,64,0,1
C,R2,3848,16135,miso_soup/2943619,E,31,64,0,1
C,R2,3850,16152,miso_soup/3155462,E,19,64,0,1
C,R2,3851,16212,miso_soup/56706,E,22,64,0,1
C,R2,2141,16217,miso_soup/635760,history,77,64,0,1
C,R2,2143,16231,miso_soup/844314,history,1,64,0,1
C,R2,2144,16233,miso_soup/860267,history,83,64,0,1
C,R2,2151,16297,mussels/1861325,history,81,65,0,1
C,R2,3853,16315,mussels/212164,E,26,65,0,1
C,R2,2162,16373,mussels/3030307,history,42,65,0,1
C,R2,2170,16464,mussels/556142,history,8,65,0,1
C,R2,2171,16472,mussels/628880,history,87,65,0,1
C,R2,3858,16478,mussels/6840,E,45,65,0,1
C,R2,2174,16480,mussels/716454,history,1,65,0,1
C,R2,2175,16482,mussels/736371,history,49,65,0,1
C,R2,3860,16488,mussels/844807,E,9,65,0,1
C,R2,2177,16491,mussels/877726,history,49,65,0,1
C,R2,3861,16514,nachos/1167018,E,45,66,0,1
C,R2,3862,16553,nachos/1619079,E,8,66,0,1
C,R2,2185,16558,nachos/1716688,history,76,66,0,1
C,R2,2189,16580,nachos/2178414,history,95,66,0,1
C,R2,2190,16581,nachos/2206816,history,89,66,0,1
C,R2,2200,16648,nachos/3211140,history,80,66,0,1
C,R2,3865,16651,nachos/3234783,E,10,66,0,1
C,R2,2206,16707,nachos/3898974,history,65,66,0,1
C,R2,2209,16734,nachos/817789,history,98,66,0,1
C,R2,2210,16744,nachos/938422,history,38,66,0,1
C,R2,3870,16754,omelette/1145379,E,6,67,0,1
C,R2,2214,16768,omelette/1374953,history,94,67,0,1
C,R2,2230,16872,omelette/2995786,history,28,67,0,1
C,R2,2231,16881,omelette/3093431,history,38,67,0,1
C,R2,3873,16884,omelette/3127643,E,36,67,0,1
C,R2,3874,16886,omelette/3161740,E,22,67,0,1
C,R2,2232,16889,omelette/3196006,history,53,67,0,1
C,R2,2233,16890,omelette/3196143,history,35,67,0,1
C,R2,2239,16938,omelette/3902995,history,21,67,0,1
C,R2,2240,16940,omelette/3911693,history,15,67,0,1
C,R2,2244,17008,onion_rings/1130248,history,52,68,0,1
C,R2,3877,17037,onion_rings/1642541,E,65,68,0,1
C,R2,2253,17064,onion_rings/1987494,history,81,68,0,1
C,R2,2259,17092,onion_rings/2315039,history,33,68,0,1
C,R2,2261,17100,onion_rings/2384844,history,40,68,0,1
C,R2,2265,17171,onion_rings/3373686,history,35,68,0,1
C,R2,3882,17204,onion_rings/3799233,E,18,68,0,1
C,R2,3883,17213,onion_rings/461528,E,36,68,0,1
C,R2,2275,17233,onion_rings/71645,history,55,68,0,1
C,R2,2276,17238,onion_rings/774706,history,83,68,0,1
C,R2,2280,17271,oysters/151214,history,100,69,0,1
C,R2,3885,17276,oysters/1654282,E,40,69,0,1
C,R2,2283,17285,oysters/1752619,history,72,69,0,1
C,R2,2288,17354,oysters/2890347,history,3,69,0,1
C,R2,2290,17365,oysters/2985600,history,64,69,0,1
C,R2,3887,17383,oysters/3183463,E,89,69,0,1
C,R2,2298,17411,oysters/3539510,history,75,69,0,1
C,R2,3891,17475,oysters/728163,E,76,69,0,1
C,R2,2305,17476,oysters/728796,history,19,69,0,1
C,R2,2308,17490,oysters/949647,history,28,69,0,1
C,R2,2312,17522,pad_thai/1353900,history,8,70,0,1
C,R2,2315,17535,pad_thai/1511072,history,27,70,0,1
C,R2,2316,17539,pad_thai/1565063,history,40,70,0,1
C,R2,2320,17549,pad_thai/1732026,history,2,70,0,1
C,R2,2321,17552,pad_thai/1816893,history,9,70,0,1
C,R2,3893,17579,pad_thai/211476,E,10,70,0,1
C,R2,2324,17593,pad_thai/2269243,history,42,70,0,1
C,R2,2330,17675,pad_thai/3487369,history,81,70,0,1
C,R2,3898,17681,pad_thai/356608,E,18,70,0,1
C,R2,3899,17706,pad_thai/420798,E,45,70,0,1
C,R2,2347,17778,paella/1376663,history,45,71,0,1
C,R2,2349,17793,paella/1503181,history,6,71,0,1
C,R2,2351,17812,paella/1698354,history,7,71,0,1
C,R2,3902,17856,paella/2319895,E,78,71,0,1
C,R2,2358,17875,paella/2619743,history,85,71,0,1
C,R2,3904,17918,paella/3344732,E,5,71,0,1
C,R2,2364,17937,paella/3552066,history,91,71,0,1
C,R2,2368,17950,paella/3762077,history,15,71,0,1
C,R2,3906,17951,paella/3763717,E,53,71,0,1
C,R2,2373,17973,paella/65963,history,81,71,0,1
C,R2,2376,18000,pancakes/1006982,history,0,72,0,1
C,R2,2377,18001,pancakes/1008491,history,60,72,0,1
C,R2,2379,18020,pancakes/1284423,history,6,72,0,1
C,R2,3909,18038,pancakes/1529839,E,86,72,0,1
C,R2,2396,18161,pancakes/3386166,history,91,72,0,1
C,R2,2401,18196,pancakes/3907226,history,46,72,0,1
C,R2,2402,18201,pancakes/420861,history,75,72,0,1
C,R2,3913,18216,pancakes/551551,E,50,72,0,1
C,R2,2407,18227,pancakes/685645,history,8,72,0,1
C,R2,3915,18240,pancakes/91756,E,75,72,0,1
C,R2,3917,18258,panna_cotta/1102533,E,59,73,0,1
C,R2,3918,18262,panna_cotta/1146948,E,99,73,0,1
C,R2,2413,18278,panna_cotta/130196,history,80,73,0,1
C,R2,2425,18386,panna_cotta/3003418,history,90,73,0,1
C,R2,2430,18429,panna_cotta/3562574,history,2,73,0,1
C,R2,2433,18445,panna_cotta/3788485,history,88,73,0,1
C,R2,2435,18471,panna_cotta/596975,history,79,73,0,1
C,R2,2436,18472,panna_cotta/622093,history,33,73,0,1
C,R2,2440,18490,panna_cotta/928965,history,34,73,0,1
C,R2,3924,18498,panna_cotta/98261,E,10,73,0,1
C,R2,2443,18525,peking_duck/1322767,history,51,74,0,1
C,R2,2445,18548,peking_duck/1723966,history,4,74,0,1
C,R2,2447,18556,peking_duck/1967730,history,97,74,0,1
C,R2,2453,18580,peking_duck/2392384,history,6,74,0,1
C,R2,3927,18618,peking_duck/2903852,E,73,74,0,1
C,R2,2462,18643,peking_duck/3101388,history,2,74,0,1
C,R2,3929,18649,peking_duck/3152678,E,67,74,0,1
C,R2,2464,18657,peking_duck/3257715,history,42,74,0,1
C,R2,2469,18685,peking_duck/3672563,history,87,74,0,1
C,R2,3932,18731,peking_duck/72036,E,42,74,0,1
C,R2,3933,18754,pho/1029709,E,84,75,0,1
C,R2,2476,18761,pho/1118977,history,79,75,0,1
C,R2,2477,18775,pho/122489,history,49,75,0,1
C,R2,2479,18790,pho/149799,history,96,75,0,1
C,R2,2487,18847,pho/2424486,history,34,75,0,1
C,R2,3936,18875,pho/2800269,E,98,75,0,1
C,R2,2494,18917,pho/3431393,history,60,75,0,1
C,R2,3937,18918,pho/344698,E,49,75,0,1
C,R2,2495,18932,pho/3711445,history,30,75,0,1
C,R2,2497,18940,pho/3815050,history,30,75,0,1
C,R2,3942,19003,pizza/1060407,E,28,76,0,1
C,R2,2508,19008,pizza/11297,history,72,76,0,1
C,R2,2509,19020,pizza/124815,history,24,76,0,1
C,R2,2513,19047,pizza/1618659,history,18,76,0,1
C,R2,2528,19136,pizza/3174637,history,53,76,0,1
C,R2,3946,19155,pizza/3430418,E,56,76,0,1
C,R2,2531,19156,pizza/343480,history,87,76,0,1
C,R2,2535,19180,pizza/3785667,history,94,76,0,1
C,R2,3948,19205,pizza/513415,E,78,76,0,1
C,R2,2537,19211,pizza/565112,history,88,76,0,1
C,R2,3949,19250,pork_chop/1012227,E,49,77,0,1
C,R2,3950,19275,pork_chop/1381559,E,35,77,0,1
C,R2,2545,19282,pork_chop/1490214,history,3,77,0,1
C,R2,2550,19314,pork_chop/2019026,history,56,77,0,1
C,R2,2551,19319,pork_chop/2056579,history,59,77,0,1
C,R2,2558,19365,pork_chop/251157,history,20,77,0,1
C,R2,2561,19388,pork_chop/2867015,history,74,77,0,1
C,R2,2566,19455,pork_chop/3874813,history,3,77,0,1
C,R2,3956,19496,pork_chop/929555,E,30,77,0,1
C,R2,2573,19497,pork_chop/934946,history,37,77,0,1
C,R2,2574,19502,poutine/1018910,history,62,78,0,1
C,R2,2577,19511,poutine/1128517,history,77,78,0,1
C,R2,2581,19551,poutine/1778157,history,75,78,0,1
C,R2,2584,19563,poutine/1957330,history,4,78,0,1
C,R2,2585,19572,poutine/2089991,history,57,78,0,1
C,R2,3958,19595,poutine/236278,E,98,78,0,1
C,R2,3960,19683,poutine/3730916,E,61,78,0,1
C,R2,2596,19687,poutine/3762211,history,26,78,0,1
C,R2,3961,19688,poutine/3786254,E,52,78,0,1
C,R2,2603,19740,poutine/860886,history,86,78,0,1
C,R2,2608,19761,prime_rib/11417,history,40,79,0,1
C,R2,3965,19767,prime_rib/1160521,E,19,79,0,1
C,R2,3966,19783,prime_rib/1387721,E,70,79,0,1
C,R2,3967,19786,prime_rib/1418080,E,39,79,0,1
C,R2,2619,19855,prime_rib/2358641,history,52,79,0,1
C,R2,2623,19866,prime_rib/2629592,history,4,79,0,1
C,R2,2624,19871,prime_rib/2675516,history,97,79,0,1
C,R2,2627,19894,prime_rib/2925308,history,18,79,0,1
C,R2,2636,19940,prime_rib/3780252,history,86,79,0,1
C,R2,2639,19988,prime_rib/754211,history,45,79,0,1
C,R2,2648,20057,pulled_pork_sandwich/1731856,history,85,80,0,1
C,R2,2649,20062,pulled_pork_sandwich/1784059,history,58,80,0,1
C,R2,3974,20080,pulled_pork_sandwich/2010483,E,2,80,0,1
C,R2,2654,20090,pulled_pork_sandwich/2120438,history,2,80,0,1
C,R2,3976,20099,pulled_pork_sandwich/2196357,E,46,80,0,1
C,R2,3978,20157,pulled_pork_sandwich/3268773,E,33,80,0,1
C,R2,2661,20177,pulled_pork_sandwich/3724476,history,8,80,0,1
C,R2,2669,20221,pulled_pork_sandwich/75579,history,42,80,0,1
C,R2,2670,20227,pulled_pork_sandwich/809026,history,73,80,0,1
C,R2,2671,20240,pulled_pork_sandwich/92641,history,0,80,0,1
C,R2,3981,20257,ramen/1050174,E,23,81,0,1
C,R2,2676,20274,ramen/1252847,history,16,81,0,1
C,R2,2680,20301,ramen/174942,history,98,81,0,1
C,R2,2681,20313,ramen/1959842,history,58,81,0,1
C,R2,3983,20351,ramen/2660623,E,62,81,0,1
C,R2,2690,20371,ramen/2896082,history,46,81,0,1
C,R2,3984,20378,ramen/295183,E,85,81,0,1
C,R2,2692,20412,ramen/3490971,history,15,81,0,1
C,R2,2696,20441,ramen/394155,history,84,81,0,1
C,R2,2700,20470,ramen/620907,history,64,81,0,1
C,R2,2706,20501,ravioli/1027063,history,91,82,0,1
C,R2,2707,20502,ravioli/1069696,history,49,82,0,1
C,R2,2713,20545,ravioli/175751,history,87,82,0,1
C,R2,2726,20640,ravioli/3118445,history,1,82,0,1
C,R2,3993,20644,ravioli/3155455,E,78,82,0,1
C,R2,3994,20677,ravioli/364789,E,71,82,0,1
C,R2,2734,20714,ravioli/554091,history,18,82,0,1
C,R2,2737,20734,ravioli/722639,history,80,82,0,1
C,R2,3996,20738,ravioli/829253,E,92,82,0,1
C,R2,2738,20749,ravioli/981093,history,83,82,0,1
C,R2,2744,20774,red_velvet_cake/1289874,history,58,83,0,1
C,R2,3998,20779,red_velvet_cake/133541,E,84,83,0,1
C,R2,2745,20787,red_velvet_cake/1482337,history,97,83,0,1
C,R2,2747,20802,red_velvet_cake/1730835,history,54,83,0,1
C,R2,4001,20866,red_velvet_cake/2593077,E,69,83,0,1
C,R2,2756,20872,red_velvet_cake/2634031,history,77,83,0,1
C,R2,2762,20917,red_velvet_cake/3178144,history,12,83,0,1
C,R2,2763,20927,red_velvet_cake/3384300,history,39,83,0,1
C,R2,4003,20940,red_velvet_cake/3632646,E,28,83,0,1
C,R2,2769,20977,red_velvet_cake/670868,history,70,83,0,1
C,R2,2773,21017,risotto/1357119,history,78,84,0,1
C,R2,4005,21025,risotto/1393776,E,43,84,0,1
C,R2,4006,21032,risotto/1536411,E,80,84,0,1
C,R2,2779,21058,risotto/1850955,history,17,84,0,1
C,R2,2783,21086,risotto/2167633,history,45,84,0,1
C,R2,2789,21135,risotto/2730509,history,92,84,0,1
C,R2,2793,21163,risotto/3110550,history,68,84,0,1
C,R2,4010,21178,risotto/3252311,E,56,84,0,1
C,R2,2799,21202,risotto/3846230,history,49,84,0,1
C,R2,2802,21228,risotto/677697,history,82,84,0,1
C,R2,4013,21250,samosa/1009326,E,54,85,0,1
C,R2,2807,21261,samosa/1156227,history,82,85,0,1
C,R2,4014,21305,samosa/1969581,E,20,85,0,1
C,R2,2819,21345,samosa/2487104,history,13,85,0,1
C,R2,2821,21354,samosa/2591040,history,23,85,0,1
C,R2,2826,21381,samosa/2935194,history,84,85,0,1
C,R2,2828,21398,samosa/3136267,history,65,85,0,1
C,R2,2830,21427,samosa/3560040,history,42,85,0,1
C,R2,4020,21468,samosa/642627,E,49,85,0,1
C,R2,2837,21497,samosa/937665,history,37,85,0,1
C,R2,2841,21533,sashimi/1401361,history,30,86,0,1
C,R2,2843,21541,sashimi/1486210,history,48,86,0,1
C,R2,4021,21543,sashimi/149710,E,41,86,0,1
C,R2,4022,21560,sashimi/1758820,E,42,86,0,1
C,R2,2845,21563,sashimi/1797545,history,44,86,0,1
C,R2,2847,21585,sashimi/2160425,history,57,86,0,1
C,R2,2849,21606,sashimi/2529218,history,54,86,0,1
C,R2,2851,21628,sashimi/2843962,history,73,86,0,1
C,R2,4027,21688,sashimi/3621134,E,0,86,0,1
C,R2,2869,21745,sashimi/889209,history,91,86,0,1
C,R2,2871,21756,scallops/108674,history,37,87,0,1
C,R2,2873,21760,scallops/1165733,history,8,87,0,1
C,R2,2874,21766,scallops/1289302,history,55,87,0,1
C,R2,4030,21779,scallops/1404351,E,64,87,0,1
C,R2,2875,21782,scallops/1469601,history,34,87,0,1
C,R2,2876,21784,scallops/1479426,history,34,87,0,1
C,R2,2878,21819,scallops/1937060,history,47,87,0,1
C,R2,2895,21923,scallops/3535602,history,91,87,0,1
C,R2,4035,21967,scallops/643668,E,74,87,0,1
C,R2,4036,21991,scallops/926252,E,10,87,0,1
C,R2,2905,22007,seaweed_salad/1105151,history,10,88,0,1
C,R2,2906,22031,seaweed_salad/1368944,history,2,88,0,1
C,R2,2908,22042,seaweed_salad/1506712,history,66,88,0,1
C,R2,2914,22079,seaweed_salad/2014238,history,87,88,0,1
C,R2,4039,22168,seaweed_salad/3333988,E,38,88,0,1
C,R2,2928,22178,seaweed_salad/3406514,history,26,88,0,1
C,R2,2931,22214,seaweed_salad/627232,history,44,88,0,1
C,R2,2933,22232,seaweed_salad/788363,history,57,88,0,1
C,R2,4043,22242,seaweed_salad/93734,E,68,88,0,1
C,R2,4044,22249,seaweed_salad/98808,E,23,88,0,1
C,R2,2939,22278,shrimp_and_grits/1414876,history,35,89,0,1
C,R2,4047,22323,shrimp_and_grits/1932067,E,50,89,0,1
C,R2,4048,22346,shrimp_and_grits/2297587,E,27,89,0,1
C,R2,2950,22356,shrimp_and_grits/2475942,history,25,89,0,1
C,R2,2952,22364,shrimp_and_grits/2630654,history,67,89,0,1
C,R2,2954,22371,shrimp_and_grits/2869731,history,24,89,0,1
C,R2,4050,22415,shrimp_and_grits/347158,E,19,89,0,1
C,R2,2960,22439,shrimp_and_grits/380369,history,21,89,0,1
C,R2,2961,22450,shrimp_and_grits/3895385,history,94,89,0,1
C,R2,2966,22465,shrimp_and_grits/541794,history,22,89,0,1
C,R2,2970,22512,spaghetti_bolognese/1203325,history,2,90,0,1
C,R2,2980,22562,spaghetti_bolognese/187193,history,62,90,0,1
C,R2,4054,22579,spaghetti_bolognese/2078332,E,9,90,0,1
C,R2,4056,22593,spaghetti_bolognese/2318769,E,27,90,0,1
C,R2,2988,22654,spaghetti_bolognese/3153075,history,8,90,0,1
C,R2,2993,22678,spaghetti_bolognese/3478354,history,74,90,0,1
C,R2,2994,22682,spaghetti_bolognese/3528822,history,94,90,0,1
C,R2,2998,22709,spaghetti_bolognese/3911579,history,92,90,0,1
C,R2,4060,22720,spaghetti_bolognese/529181,E,16,90,0,1
C,R2,3000,22742,spaghetti_bolognese/844903,history,100,90,0,1
C,R2,4061,22752,spaghetti_carbonara/1069338,E,32,91,0,1
C,R2,3005,22777,spaghetti_carbonara/154021,history,11,91,0,1
C,R2,3011,22828,spaghetti_carbonara/2143840,history,15,91,0,1
C,R2,3015,22837,spaghetti_carbonara/2256551,history,85,91,0,1
C,R2,3018,22847,spaghetti_carbonara/2342634,history,88,91,0,1
C,R2,4064,22871,spaghetti_carbonara/2670257,E,50,91,0,1
C,R2,4065,22877,spaghetti_carbonara/2761269,E,68,91,0,1
C,R2,3027,22935,spaghetti_carbonara/3781925,history,52,91,0,1
C,R2,3033,22967,spaghetti_carbonara/582254,history,74,91,0,1
C,R2,3035,22992,spaghetti_carbonara/884965,history,47,91,0,1
C,R2,3037,23024,spring_rolls/1364191,history,35,92,0,1
C,R2,4070,23063,spring_rolls/1831860,E,11,92,0,1
C,R2,3041,23073,spring_rolls/1880504,history,67,92,0,1
C,R2,3048,23118,spring_rolls/24656,history,95,92,0,1
C,R2,3049,23131,spring_rolls/2689023,history,15,92,0,1
C,R2,3056,23160,spring_rolls/3313443,history,11,92,0,1
C,R2,3057,23163,spring_rolls/3346082,history,13,92,0,1
C,R2,4073,23190,spring_rolls/3856737,E,33,92,0,1
C,R2,3062,23202,spring_rolls/480152,history,73,92,0,1
C,R2,4075,23220,spring_rolls/684015,E,43,92,0,1
C,R2,3072,23281,steak/1415873,history,1,93,0,1
C,R2,3073,23282,steak/144370,history,16,93,0,1
C,R2,4078,23310,steak/1956040,E,76,93,0,1
C,R2,4080,23317,steak/2069289,E,60,93,0,1
C,R2,3078,23322,steak/2138503,history,92,93,0,1
C,R2,4083,23344,steak/2484823,E,65,93,0,1
C,R2,3087,23398,steak/3293212,history,9,93,0,1
C,R2,3095,23469,steak/690177,history,19,93,0,1
C,R2,3098,23486,steak/86782,history,99,93,0,1
C,R2,3099,23490,steak/904856,history,45,93,0,1
C,R2,4086,23553,strawberry_shortcake/1781668,E,39,94,0,1
C,R2,3109,23563,strawberry_shortcake/1874256,history,50,94,0,1
C,R2,4087,23576,strawberry_shortcake/2114720,E,85,94,0,1
C,R2,4088,23636,strawberry_shortcake/2980137,E,99,94,0,1
C,R2,3116,23660,strawberry_shortcake/3451622,history,75,94,0,1
C,R2,3117,23666,strawberry_shortcake/3568039,history,11,94,0,1
C,R2,3125,23703,strawberry_shortcake/574064,history,56,94,0,1
C,R2,3126,23704,strawberry_shortcake/587260,history,86,94,0,1
C,R2,3127,23720,strawberry_shortcake/704757,history,58,94,0,1
C,R2,3133,23743,strawberry_shortcake/926175,history,91,94,0,1
C,R2,3138,23815,sushi/190125,history,79,95,0,1
C,R2,3139,23818,sushi/1968025,history,92,95,0,1
C,R2,4095,23863,sushi/2800107,E,20,95,0,1
C,R2,3149,23876,sushi/2954278,history,70,95,0,1
C,R2,3153,23898,sushi/3292104,history,96,95,0,1
C,R2,4098,23946,sushi/512203,E,60,95,0,1
C,R2,3160,23947,sushi/515071,history,47,95,0,1
C,R2,3162,23956,sushi/593071,history,51,95,0,1
C,R2,3163,23968,sushi/715227,history,86,95,0,1
C,R2,4099,23974,sushi/74577,E,54,95,0,1
C,R2,4101,24009,tacos/1136805,E,24,96,0,1
C,R2,3170,24012,tacos/1205090,history,25,96,0,1
C,R2,3174,24031,tacos/1545545,history,58,96,0,1
C,R2,3175,24041,tacos/1688602,history,14,96,0,1
C,R2,3177,24062,tacos/199784,history,75,96,0,1
C,R2,3178,24068,tacos/2024549,history,66,96,0,1
C,R2,3189,24149,tacos/3234174,history,61,96,0,1
C,R2,4104,24154,tacos/3300773,E,50,96,0,1
C,R2,3191,24161,tacos/3426713,history,37,96,0,1
C,R2,4107,24233,tacos/796326,E,88,96,0,1
C,R2,3203,24258,takoyaki/1103395,history,23,97,0,1
C,R2,3209,24299,takoyaki/1615290,history,62,97,0,1
C,R2,3211,24307,takoyaki/1765893,history,2,97,0,1
C,R2,3217,24353,takoyaki/2348423,history,65,97,0,1
C,R2,4111,24386,takoyaki/286501,E,36,97,0,1
C,R2,3223,24409,takoyaki/3153904,history,72,97,0,1
C,R2,3224,24420,takoyaki/3313790,history,89,97,0,1
C,R2,4114,24446,takoyaki/3709817,E,5,97,0,1
C,R2,3233,24484,takoyaki/741808,history,21,97,0,1
C,R2,4116,24497,takoyaki/897284,E,78,97,0,1
C,R2,4117,24500,tiramisu/1009109,E,45,98,0,1
C,R2,3234,24505,tiramisu/1127862,history,36,98,0,1
C,R2,3240,24537,tiramisu/1592156,history,45,98,0,1
C,R2,3243,24565,tiramisu/1972675,history,17,98,0,1
C,R2,3249,24594,tiramisu/2422213,history,38,98,0,1
C,R2,3251,24601,tiramisu/2507566,history,6,98,0,1
C,R2,4123,24672,tiramisu/3508187,E,53,98,0,1
C,R2,3261,24696,tiramisu/3829691,history,65,98,0,1
C,R2,4124,24736,tiramisu/863147,E,87,98,0,1
C,R2,3266,24742,tiramisu/903821,history,7,98,0,1
C,R2,4125,24752,tuna_tartare/1021556,E,34,99,0,1
C,R2,3271,24780,tuna_tartare/1573089,history,72,99,0,1
C,R2,3272,24789,tuna_tartare/1666584,history,82,99,0,1
C,R2,4129,24843,tuna_tartare/2614845,E,31,99,0,1
C,R2,3284,24881,tuna_tartare/3233255,history,78,99,0,1
C,R2,3290,24933,tuna_tartare/3750639,history,63,99,0,1
C,R2,4132,24970,tuna_tartare/607912,E,54,99,0,1
C,R2,3294,24974,tuna_tartare/629235,history,53,99,0,1
C,R2,3295,24978,tuna_tartare/671183,history,3,99,0,1
C,R2,3298,24990,tuna_tartare/884242,history,80,99,0,1
C,R2,3301,25022,waffles/129067,history,36,100,0,1
C,R2,3302,25024,waffles/1313096,history,12,100,0,1
C,R2,3305,25040,waffles/153584,history,56,100,0,1
C,R2,3309,25053,waffles/1648664,history,40,100,0,1
C,R2,3314,25086,waffles/1985900,history,99,100,0,1
C,R2,3322,25134,waffles/286459,history,53,100,0,1
C,R2,4136,25151,waffles/3189212,E,10,100,0,1
C,R2,3325,25174,waffles/3420480,history,51,100,0,1
C,R2,4138,25191,waffles/3856612,E,55,100,0,1
C,R2,4140,25243,waffles/913086,E,18,100,0,1
